"Category","DisplayName","Name","Alias","PrimarySmtpAddress","EmailAddresses","RecipientTypeDetails","AccessType","IsTeam","HiddenFromAddressListsEnabled","RequireSenderAuthenticationEnabled","ManagedBy","WhenCreatedUTC","ExternalDirectoryObjectId","Identity"
"DistributionList","Administration","Administration","Administration","Administration@cowg.cap.gov","smtp:Administration@COCivilAirPatrol.onmicrosoft.com;SMTP:Administration@cowg.cap.gov","MailUniversalDistributionGroup","","False","False","True","Mike.Schulte","5/4/2025 9:28:49 PM","b67b81d0-b213-4cdb-a52c-736601c60042","Administration"
"DistributionList","Aerospace","Aerospace","Aerospace","Aerospace@cowg.cap.gov","smtp:Aerospace@COCivilAirPatrol.onmicrosoft.com;SMTP:Aerospace@cowg.cap.gov","MailUniversalDistributionGroup","","False","False","True","Mike.Schulte","5/4/2025 9:31:00 PM","99ce6590-1511-4cdd-aa27-6975dc0dc05f","Aerospace"
"DistributionList","Aircrew","Aircrew20250503141358","Aircrew","Aircrew@cowg.cap.gov","smtp:Aircrew@COCivilAirPatrol.onmicrosoft.com;SMTP:Aircrew@cowg.cap.gov","MailUniversalDistributionGroup","","False","False","True","Mike.Schulte;robyusko","5/3/2025 2:13:59 PM","54f9d819-2abf-4dd5-888b-add991069c32","Aircrew20250503141358"
"DistributionList","Cadet Programs","Cadet Programs","CadetPrograms","CadetPrograms@cowg.cap.gov","smtp:CadetPrograms@COCivilAirPatrol.onmicrosoft.com;SMTP:CadetPrograms@cowg.cap.gov","MailUniversalDistributionGroup","","False","False","True","Mike.Schulte","5/4/2025 9:34:21 PM","c457ce72-1c52-4177-aeb3-617247733795","Cadet Programs"
"DistributionList","Chaplain","Chaplain","Chaplain","Chaplain@cowg.cap.gov","smtp:Chaplain@COCivilAirPatrol.onmicrosoft.com;SMTP:Chaplain@cowg.cap.gov","MailUniversalDistributionGroup","","False","False","True","Mike.Schulte","5/4/2025 9:38:27 PM","9eba41b3-2882-44ad-af91-5c04b3487c21","Chaplain"
"DistributionList","Character Development","Character Development","CharacterDevelopment","CharacterDevelopment@cowg.cap.gov","smtp:CharacterDevelopment@COCivilAirPatrol.onmicrosoft.com;SMTP:CharacterDevelopment@cowg.cap.gov","MailUniversalDistributionGroup","","False","False","True","Mike.Schulte","5/4/2025 9:38:36 PM","b8cb8fe9-cf61-4675-acdf-e97e45b09020","Character Development"
"DistributionList","CO Wing AEMList","CO Wing AEMList","AEMList","AEMList@cowg.cap.gov","SMTP:AEMList@cowg.cap.gov","MailUniversalDistributionGroup","","False","False","True","rgreenlee","2/23/2020 5:28:27 PM","4e0904ec-4db5-4f9e-968e-5376c6f8373b","CO Wing AEMList"
"DistributionList","CO Wing AeroEdList","COWG AeroEdList","AeroEdList","AeroEdList@cowg.cap.gov","SMTP:AeroEdList@cowg.cap.gov","MailUniversalDistributionGroup","","False","False","True","rgreenlee","2/23/2020 4:36:22 PM","c9add1f8-df88-4e2d-a9cb-064618ddfe3e","COWG AeroEdList"
"DistributionList","CO Wing Announcements","CO Wing Announcements20230215034737","announcements","announcements@cowg.cap.gov","smtp:announcements@COCivilAirPatrol.onmicrosoft.com;SMTP:announcements@cowg.cap.gov","MailUniversalDistributionGroup","","False","False","True","robyusko;Mike.Schulte","2/15/2023 3:47:38 AM","58a419f7-0d57-406a-85a0-116d29c1dcf5","CO Wing Announcements20230215034737"
"DistributionList","CO Wing Cadets","CO Wing Cadets20230215034655","cadets","cadets@cowg.cap.gov","smtp:cadets@COCivilAirPatrol.onmicrosoft.com;SMTP:cadets@cowg.cap.gov","MailUniversalDistributionGroup","","False","False","True","robyusko;Mike.Schulte","2/15/2023 3:46:56 AM","9b43eeb8-08c3-4b55-9f5c-17614e0a839d","CO Wing Cadets20230215034655"
"DistributionList","CO Wing Check Pilots","CO Wing Check Pilots","CheckPilots","CheckPilots@cowg.cap.gov","SMTP:CheckPilots@cowg.cap.gov","MailUniversalDistributionGroup","","False","False","True","rgreenlee","2/23/2020 4:45:30 PM","bfde40da-af88-415c-9154-a5a018b60dfd","CO Wing Check Pilots"
"DistributionList","CO Wing ESOfficers","CO Wing ESOfficersList","ESOfficersList","ESOfficers@cowg.cap.gov","SMTP:ESOfficers@cowg.cap.gov;smtp:ESOfficersList@cowg.cap.gov;smtp:ESOfficersList@COCivilAirPatrol.onmicrosoft.com","MailUniversalDistributionGroup","","False","False","True","rgreenlee;Sanjay.Tyagi;robyusko","2/23/2020 4:55:16 PM","11123ff7-fc16-4856-b390-09fd7f527928","CO Wing ESOfficersList"
"DistributionList","CO WING INCIDENT COMMANDERS","CO WING INCIDENT COMMANDERS20201203042428","INCIDENT_COMMANDERS","INCIDENT_COMMANDERS@cowg.cap.gov","SMTP:INCIDENT_COMMANDERS@cowg.cap.gov","MailUniversalDistributionGroup","","False","False","True","rgreenlee","12/3/2020 4:24:31 AM","f264f89d-bf3d-4347-8cc8-adbe7dccfe0f","CO WING INCIDENT COMMANDERS20201203042428"
"DistributionList","CO Wing IT Helpdesk","COWG IT","cowgit","IT_Helpdesk@cowg.cap.gov","smtp:IT_Helpdesk@COCivilAirPatrol.onmicrosoft.com;SMTP:IT_Helpdesk@cowg.cap.gov","MailUniversalDistributionGroup","","False","False","False","rgreenlee;Mike.Schulte","1/18/2020 7:26:22 PM","d55ee321-7791-41e7-8f89-6307fac2558f","COWG IT"
"DistributionList","CO Wing Logistics And Supply","CO Wing Logistics And Supply","LogisticsAndSupply","LogisticsAndSupply@cowg.cap.gov","SMTP:LogisticsAndSupply@cowg.cap.gov","MailUniversalDistributionGroup","","False","False","True","rgreenlee","2/23/2020 5:01:50 PM","280dca3c-fb5d-486e-a8d6-de79e5dc2f2e","CO Wing Logistics And Supply"
"DistributionList","CO Wing Mission Flying","CO Wing Mission Flying","MissionFlying","MissionFlying@cowg.cap.gov","SMTP:MissionFlying@cowg.cap.gov","MailUniversalDistributionGroup","","False","False","True","rgreenlee","2/23/2020 5:04:32 PM","609a922f-da5f-4506-9733-27b8c53f31b9","CO Wing Mission Flying"
"DistributionList","CO Wing PDOList","CO Wing PDOList","PDOList","PDOList@cowg.cap.gov","SMTP:PDOList@cowg.cap.gov","MailUniversalDistributionGroup","","False","False","True","rgreenlee","2/23/2020 5:13:24 PM","e7b59f50-3c84-4d74-b387-24adf08cd5cf","CO Wing PDOList"
"DistributionList","CO Wing Pilot List","CO Wing Pilot List","PilotList","PilotList@cowg.cap.gov","SMTP:PilotList@cowg.cap.gov","MailUniversalDistributionGroup","","False","False","True","rgreenlee;robyusko","2/23/2020 5:15:29 PM","f17594d7-956d-4360-ad77-79da18f6b358","CO Wing Pilot List"
"DistributionList","CO Wing Safety Officers","CO Wing Safety Officers","SafetyOfficers","SafetyOfficers@cowg.cap.gov","SMTP:SafetyOfficers@cowg.cap.gov","MailUniversalDistributionGroup","","False","False","True","rgreenlee","2/23/2020 5:19:02 PM","eb54f852-110d-42fa-b7f0-a02fe60ddc61","CO Wing Safety Officers"
"DistributionList","CO Wing Seniors","CO Wing Seniors20230215034552","seniors","seniors@cowg.cap.gov","smtp:seniors@COCivilAirPatrol.onmicrosoft.com;SMTP:seniors@cowg.cap.gov","MailUniversalDistributionGroup","","False","False","True","robyusko","2/15/2023 3:45:54 AM","1242bd64-0831-4dcd-92e5-002a735d43d2","CO Wing Seniors20230215034552"
"DistributionList","CO Wing Staff","COWG Staff","Staff","Staff@cowg.cap.gov","smtp:Staff@COCivilAirPatrol.onmicrosoft.com;smtp:staff001@cowg.cap.gov;SMTP:Staff@cowg.cap.gov","MailUniversalDistributionGroup","","False","False","True","rgreenlee","1/26/2020 5:03:31 PM","c5042105-8316-4843-9144-a4cf5f573076","COWG Staff"
"DistributionList","CO Wing Stan Eval","CO Wing Stan Eval","stanEvalDuty","stanEvalDuty@cowg.cap.gov","SMTP:stanEvalDuty@cowg.cap.gov","MailUniversalDistributionGroup","","False","False","True","rgreenlee","3/3/2020 7:09:43 PM","cd8eb1c6-04ea-4e08-89c8-d7ab5133be07","CO Wing Stan Eval"
"DistributionList","CO Wing Transportation","CO Wing Transportation","Transportation","Transportation@cowg.cap.gov","SMTP:Transportation@cowg.cap.gov","MailUniversalDistributionGroup","","False","False","True","rgreenlee","2/23/2020 5:24:18 PM","ab7c4406-03b0-477d-bb81-090fe3fbdb48","CO Wing Transportation"
"DistributionList","CO-015 Cadets","CO-015 Cadets","CO-015Cadets","CO-015-Cadets@cowg.cap.gov","smtp:CO-015Cadets@COCivilAirPatrol.onmicrosoft.com;SMTP:CO-015-Cadets@cowg.cap.gov","MailUniversalDistributionGroup","","False","False","True","Mike.Schulte","5/17/2025 4:42:43 PM","3ddeedaa-82b4-4ba0-92ae-50d436ca4e97","CO-015 Cadets"
"DistributionList","CO-015 Seniors","CO-015 Seniors","CO-015Seniors","CO-015-Seniors@cowg.cap.gov","smtp:CO-015Seniors@COCivilAirPatrol.onmicrosoft.com;SMTP:CO-015-Seniors@cowg.cap.gov","MailUniversalDistributionGroup","","False","False","True","Mike.Schulte","5/17/2025 4:36:37 PM","c0555632-7e05-4c3b-b5a5-f75a7df68eb6","CO-015 Seniors"
"DistributionList","CO-015 THUNDER MOUNTAIN COMPOSITE SQDN","CO-015","CO-015","CO-015@cowg.cap.gov","smtp:CO-015@COCivilAirPatrol.onmicrosoft.com;SMTP:CO-015@cowg.cap.gov","MailUniversalDistributionGroup","","False","False","True","Mike.Schulte","7/9/2025 4:37:29 AM","8415b78c-5d13-4f24-a54e-064f45ae4461","CO-015"
"DistributionList","CO-022 Cadets","CO-022 Cadets","CO-022Cadets","CO-022-Cadets@cowg.cap.gov","smtp:CO-022Cadets@COCivilAirPatrol.onmicrosoft.com;SMTP:CO-022-Cadets@cowg.cap.gov","MailUniversalDistributionGroup","","False","False","True","Mike.Schulte","5/17/2025 4:42:45 PM","4952ed04-b03d-433b-81d0-9f0067d3555f","CO-022 Cadets"
"DistributionList","CO-022 Seniors","CO-022 Seniors","CO-022Seniors","CO-022-Seniors@cowg.cap.gov","smtp:CO-022Seniors@COCivilAirPatrol.onmicrosoft.com;SMTP:CO-022-Seniors@cowg.cap.gov","MailUniversalDistributionGroup","","False","False","True","Mike.Schulte","5/17/2025 4:36:39 PM","31c80557-e413-4cf3-a924-84008c9d385c","CO-022 Seniors"
"DistributionList","CO-022 VANCE BRAND CADET SQDN","CO-022","CO-022","CO-022@cowg.cap.gov","smtp:CO-022@COCivilAirPatrol.onmicrosoft.com;SMTP:CO-022@cowg.cap.gov","MailUniversalDistributionGroup","","False","False","True","Mike.Schulte","7/9/2025 4:12:28 AM","ee30ebdd-b935-445f-b6f0-4ac9af561f43","CO-022"
"DistributionList","CO-030 Cadet Staff","CO-030 Cadet Staff","CO030CadetStaff","CO030CadetStaff@cowg.cap.gov","SMTP:CO030CadetStaff@cowg.cap.gov","MailUniversalDistributionGroup","","False","False","True","","5/13/2020 1:56:40 PM","a5316462-51bd-4bf7-a098-5a0e3e204526","CO-030 Cadet Staff"
"DistributionList","CO-030 Cadets","CO-030 Cadets","CO-030Cadets","CO-030-Cadets@cowg.cap.gov","smtp:CO-030Cadets@COCivilAirPatrol.onmicrosoft.com;SMTP:CO-030-Cadets@cowg.cap.gov","MailUniversalDistributionGroup","","False","False","True","Mike.Schulte","5/17/2025 4:42:46 PM","b3d866d1-d0c8-4c9b-bc0f-86eaddd73c59","CO-030 Cadets"
"DistributionList","CO-030 COLORADO SPRINGS CADET SQDN","CO-030","CO-030","CO-030@cowg.cap.gov","smtp:CO-030@COCivilAirPatrol.onmicrosoft.com;SMTP:CO-030@cowg.cap.gov","MailUniversalDistributionGroup","","False","False","True","Mike.Schulte","7/5/2025 2:15:51 PM","3594cee5-4536-48a1-ad89-50c88c93986f","CO-030"
"DistributionList","CO-030 Seniors","CO-030 Seniors","CO-030Seniors","CO-030-Seniors@cowg.cap.gov","smtp:CO-030Seniors@COCivilAirPatrol.onmicrosoft.com;SMTP:CO-030-Seniors@cowg.cap.gov","MailUniversalDistributionGroup","","False","False","True","Mike.Schulte","5/17/2025 4:36:41 PM","4a1af2a6-b9bd-4d40-8f5d-e79092a24705","CO-030 Seniors"
"DistributionList","CO-031 Cadets","CO-031 Cadets20230812213252","co-031-cadets","co-031-cadets@cowg.cap.gov","smtp:co-031-cadets@COCivilAirPatrol.onmicrosoft.com;SMTP:co-031-cadets@cowg.cap.gov","MailUniversalDistributionGroup","","False","False","True","robyusko","8/12/2023 9:32:55 PM","bac2a707-d624-4413-bdbe-f31b4eb52900","CO-031 Cadets20230812213252"
"DistributionList","CO-031 FOOTHILLS CADET SQDN","CO-031","CO-031","CO-031@cowg.cap.gov","smtp:CO-031@COCivilAirPatrol.onmicrosoft.com;SMTP:CO-031@cowg.cap.gov","MailUniversalDistributionGroup","","False","False","True","Mike.Schulte","7/9/2025 4:12:38 AM","808e245e-ed54-4792-b0aa-c6f678105ceb","CO-031"
"DistributionList","CO-031 Seniors","CO-031 Seniors20230812213547","co-031-seniors","co-031-seniors@cowg.cap.gov","smtp:co-031-seniors@COCivilAirPatrol.onmicrosoft.com;SMTP:co-031-seniors@cowg.cap.gov","MailUniversalDistributionGroup","","False","False","True","robyusko","8/12/2023 9:35:49 PM","dd4504c2-66a5-48fe-abe5-0c0ab82cef22","CO-031 Seniors20230812213547"
"DistributionList","CO-053 Cadets","CO-053 Cadets","CO-053Cadets","CO-053-Cadets@cowg.cap.gov","smtp:CO-053Cadets@COCivilAirPatrol.onmicrosoft.com;SMTP:CO-053-Cadets@cowg.cap.gov","MailUniversalDistributionGroup","","False","False","True","Mike.Schulte","5/17/2025 4:42:48 PM","5f2cf843-7539-4829-8fda-0d8fffc50d3e","CO-053 Cadets"
"DistributionList","CO-053 EAGLE COUNTY COMPOSITE SQUADRON","CO-053","CO-053","CO-053@cowg.cap.gov","smtp:CO-053@COCivilAirPatrol.onmicrosoft.com;SMTP:CO-053@cowg.cap.gov","MailUniversalDistributionGroup","","False","False","True","Mike.Schulte","7/9/2025 4:12:43 AM","585700c1-7cab-4214-b1ef-b16c5ddd7d7f","CO-053"
"DistributionList","CO-053 Seniors","CO-053 Seniors","CO-053Seniors","CO-053-Seniors@cowg.cap.gov","smtp:CO-053Seniors@COCivilAirPatrol.onmicrosoft.com;SMTP:CO-053-Seniors@cowg.cap.gov","MailUniversalDistributionGroup","","False","False","True","Mike.Schulte","5/17/2025 4:36:43 PM","d99b99fc-4d50-450c-a1a9-cb0e5ed58205","CO-053 Seniors"
"DistributionList","CO-068 Cadets","CO-068 Cadets","CO-068Cadets","CO-068-Cadets@cowg.cap.gov","smtp:CO-068Cadets@COCivilAirPatrol.onmicrosoft.com;SMTP:CO-068-Cadets@cowg.cap.gov","MailUniversalDistributionGroup","","False","False","True","Mike.Schulte","5/17/2025 4:42:50 PM","617e6472-f77e-4edc-8e0d-d9001f84bdd9","CO-068 Cadets"
"DistributionList","CO-068 NORTH VALLEY COMPOSITE SQDN","CO-068","CO-068","CO-068@cowg.cap.gov","smtp:CO-068@COCivilAirPatrol.onmicrosoft.com;SMTP:CO-068@cowg.cap.gov","MailUniversalDistributionGroup","","False","False","True","Mike.Schulte","7/5/2025 2:18:13 PM","cd536d95-97f1-4163-8560-ab437dd73a35","CO-068"
"DistributionList","CO-068 Seniors","CO-068 Seniors","CO-068Seniors","CO-068-Seniors@cowg.cap.gov","smtp:CO-068Seniors@COCivilAirPatrol.onmicrosoft.com;SMTP:CO-068-Seniors@cowg.cap.gov","MailUniversalDistributionGroup","","False","False","True","Mike.Schulte","5/17/2025 4:36:45 PM","fcd46ec4-2fda-4036-8a2b-54c8ecf021b2","CO-068 Seniors"
"DistributionList","CO-072 BOULDER COMPOSITE SQDN","CO-072","CO-072","CO-072@cowg.cap.gov","smtp:CO-0726982@COCivilAirPatrol.onmicrosoft.com;SMTP:CO-072@cowg.cap.gov","MailUniversalDistributionGroup","","False","False","True","Mike.Schulte","7/9/2025 4:12:51 AM","9b80f671-0980-4fbd-9b61-28cde315c5f9","CO-072"
"DistributionList","CO-072 Cadets","CO-072 Cadets","CO-072Cadets","CO-072-Cadets@cowg.cap.gov","smtp:CO-072Cadets@COCivilAirPatrol.onmicrosoft.com;SMTP:CO-072-Cadets@cowg.cap.gov","MailUniversalDistributionGroup","","False","False","True","Mike.Schulte","5/17/2025 11:53:56 PM","2a5c148c-d08d-43eb-93f3-882f43afcfca","CO-072 Cadets"
"DistributionList","CO-072 Seniors","CO-072 Seniors","CO-072Seniors","CO-072-Seniors@cowg.cap.gov","smtp:CO-072Seniors@COCivilAirPatrol.onmicrosoft.com;SMTP:CO-072-Seniors@cowg.cap.gov","MailUniversalDistributionGroup","","False","False","True","Mike.Schulte","5/17/2025 11:52:43 PM","9378120e-994e-41ad-9899-b4f19002eaf5","CO-072 Seniors"
"DistributionList","CO-080 Cadets","CO-080 Cadets","CO-080Cadets","CO-080-Cadets@cowg.cap.gov","smtp:CO-080Cadets@COCivilAirPatrol.onmicrosoft.com;SMTP:CO-080-Cadets@cowg.cap.gov","MailUniversalDistributionGroup","","False","False","True","Mike.Schulte","5/18/2025 12:05:03 AM","bdc7d0de-ff4b-432e-9692-1ab3229d5cdf","CO-080 Cadets"
"DistributionList","CO-080 IT","CO-080 IT20250919231052","CO-080_IT","CO-080_IT@cowg.cap.gov","smtp:CO-080_IT@COCivilAirPatrol.onmicrosoft.com;SMTP:CO-080_IT@cowg.cap.gov","MailUniversalDistributionGroup","","False","False","True","c1388ce1-04bf-4889-b66f-d90d64860137;dparrish","9/19/2025 11:10:59 PM","b6cee217-477a-4b71-90a4-8f68ee0c41e1","CO-080 IT20250919231052"
"DistributionList","CO-080 O-flight Pilots","CO-080 O-flight Pilots20231114012639","PPCS_Oride_pilots","PPCS_Oflight_pilots@cowg.cap.gov","smtp:PPCS_Oride_pilots@cowg.cap.gov;SMTP:PPCS_Oflight_pilots@cowg.cap.gov;smtp:PPCS_Oride_pilots@COCivilAirPatrol.onmicrosoft.com","MailUniversalDistributionGroup","","False","False","False","dparrish","11/14/2023 1:26:48 AM","71005a20-d373-43e5-a5aa-b2d32a048936","CO-080 O-flight Pilots20231114012639"
"DistributionList","CO-080 PIKES PEAK COMPOSITE SQDN","CO-080","CO-080","CO-080@cowg.cap.gov","smtp:CO-0802261@COCivilAirPatrol.onmicrosoft.com;SMTP:CO-080@cowg.cap.gov","MailUniversalDistributionGroup","","False","False","True","Mike.Schulte","7/9/2025 4:12:56 AM","3520f1ab-5648-41ef-8cfe-f6b4848a1605","CO-080"
"DistributionList","CO-080 PPCS Cadet Development","CO-080 PPCS Cadet Development20211202212910","PPCS-cadet_dev","PPCS-cadet_dev@cowg.cap.gov","smtp:PPCS-cadet_dev@COCivilAirPatrol.onmicrosoft.com;SMTP:PPCS-cadet_dev@cowg.cap.gov","MailUniversalDistributionGroup","","False","False","False","","12/2/2021 9:29:21 PM","655526df-280c-46e4-b5b7-c880b7e86203","CO-080 PPCS Cadet Development20211202212910"
"DistributionList","CO-080 PPCS ES Training Group","CO-080 PPSS ES Training Group20210629212430","PPSS-ES_Training","PPCS-ES_Training@cowg.cap.gov","SMTP:PPCS-ES_Training@cowg.cap.gov;smtp:PPSS-ES_Training@cowg.cap.gov;smtp:PPSS-ES-Training@cowg.cap.gov;smtp:PPSS-ES-Training@COCivilAirPatrol.onmicrosoft.com","MailUniversalDistributionGroup","","False","False","False","","6/29/2021 9:24:34 PM","e8009f66-65fd-40ab-83d3-ecf99b7377a8","CO-080 PPSS ES Training Group20210629212430"
"DistributionList","CO-080 PPCS Recruiting","CO-080 PPSS Recruiting20200824192035","PPSS_recruiting","PPCS_recruiting@cowg.cap.gov","SMTP:PPCS_recruiting@cowg.cap.gov;smtp:PPSS_recruiting@cowg.cap.gov;smtp:PPSS_recruiting@COCivilAirPatrol.onmicrosoft.com","MailUniversalDistributionGroup","","False","False","False","","8/24/2020 7:20:36 PM","f7dd480f-ce97-48a7-9065-66b5733a1329","CO-080 PPSS Recruiting20200824192035"
"DistributionList","CO-080 Seniors","CO-080 Seniors","CO-080Seniors","CO-080-Seniors@cowg.cap.gov","smtp:CO-080Seniors@COCivilAirPatrol.onmicrosoft.com;SMTP:CO-080-Seniors@cowg.cap.gov","MailUniversalDistributionGroup","","False","False","True","Mike.Schulte","5/18/2025 12:03:36 AM","575f8997-4908-4dfc-8c2e-09fb64ff6916","CO-080 Seniors"
"DistributionList","CO-098 Cadets","CO-098 Cadets","CO-098Cadets","CO-098-Cadets@cowg.cap.gov","smtp:CO-098Cadets@COCivilAirPatrol.onmicrosoft.com;SMTP:CO-098-Cadets@cowg.cap.gov","MailUniversalDistributionGroup","","False","False","True","Mike.Schulte","5/17/2025 4:42:54 PM","e1a206b3-3f43-4849-b07a-d0c3d2d6ca98","CO-098 Cadets"
"DistributionList","CO-098 FREMONT STARFIRE CADET SQDN","CO-098","CO-098","CO-098@cowg.cap.gov","smtp:CO-098@COCivilAirPatrol.onmicrosoft.com;SMTP:CO-098@cowg.cap.gov","MailUniversalDistributionGroup","","False","False","True","Mike.Schulte","7/9/2025 4:13:06 AM","2e8126ab-8e45-4827-88a1-5c15d12afabf","CO-098"
"DistributionList","CO-098 Seniors","CO-098 Seniors","CO-098Seniors","CO-098-Seniors@cowg.cap.gov","smtp:CO-098Seniors@COCivilAirPatrol.onmicrosoft.com;SMTP:CO-098-Seniors@cowg.cap.gov","MailUniversalDistributionGroup","","False","False","True","Mike.Schulte","5/17/2025 4:36:49 PM","59b974f3-3a19-4231-9c74-f3ca08ad441f","CO-098 Seniors"
"DistributionList","CO-099 Broomfield Composite","CO-099 Broomfield Composite20220621030235","broomfield","broomfield@cowg.cap.gov","smtp:broomfield@COCivilAirPatrol.onmicrosoft.com;SMTP:broomfield@cowg.cap.gov","MailUniversalDistributionGroup","","False","False","False","Mark.Ringer","6/21/2022 3:02:37 AM","7ae0e1fa-31fb-4183-8df1-0b60fb3c3999","CO-099 Broomfield Composite20220621030235"
"DistributionList","CO-099 BROOMFIELD COMPOSITE SQDN","CO-099","CO-099","CO-099@cowg.cap.gov","smtp:CO-0996877@COCivilAirPatrol.onmicrosoft.com;SMTP:CO-099@cowg.cap.gov","MailUniversalDistributionGroup","","False","False","True","Mike.Schulte","7/9/2025 4:13:11 AM","94b395c9-061a-44ff-8a83-f189e99f02fc","CO-099"
"DistributionList","CO-099 Cadets","CO-099 Cadets20230611175500","co-099-cadets","co-099-cadets@cowg.cap.gov","smtp:co-099-cadets@COCivilAirPatrol.onmicrosoft.com;SMTP:co-099-cadets@cowg.cap.gov","MailUniversalDistributionGroup","","False","False","True","robyusko","6/11/2023 5:55:01 PM","505b5485-0f93-480a-9291-235b11d9f390","CO-099 Cadets20230611175500"
"DistributionList","CO-099 Seniors","CO-099 Seniors20230611175316","co-099-seniors","co-099-seniors@cowg.cap.gov","smtp:co-099-seniors@COCivilAirPatrol.onmicrosoft.com;SMTP:co-099-seniors@cowg.cap.gov","MailUniversalDistributionGroup","","False","False","True","robyusko","6/11/2023 5:53:18 PM","d5b2f62f-3b3b-4161-a0d3-9f169bda984e","CO-099 Seniors20230611175316"
"DistributionList","CO-136 All Members","CO-136 All Members20210815200622","CO-136All","CO-136All@cowg.cap.gov","smtp:CO-136All@COCivilAirPatrol.onmicrosoft.com;SMTP:CO-136All@cowg.cap.gov","MailUniversalDistributionGroup","","False","False","False","robyusko;Robert.Gamber;rgreenlee","8/15/2021 8:06:27 PM","67481b80-a34b-483c-9e5e-f59f7f80d379","CO-136 All Members20210815200622"
"DistributionList","CO-136 Cadets","CO-136 Cadets","CO-136Cadets","CO-136-Cadets@cowg.cap.gov","smtp:CO-136Cadets@COCivilAirPatrol.onmicrosoft.com;SMTP:CO-136-Cadets@cowg.cap.gov","MailUniversalDistributionGroup","","False","False","True","Mike.Schulte","5/17/2025 4:42:56 PM","712b77a5-8cdc-42a7-a02c-8b991810b7e3","CO-136 Cadets"
"DistributionList","CO-136 Command","CO-136 Command","rmrco136command","rmrco136command@cowg.cap.gov","smtp:command@jeffcocap.org;SMTP:rmrco136command@cowg.cap.gov","MailUniversalDistributionGroup","","False","False","False","CO-136 Information Technology20201217004439;Robert.Gamber","4/17/2020 3:36:36 PM","61966680-a6af-4e1a-adc4-ceade6d0d20e","CO-136 Command"
"DistributionList","CO-136 JEFFERSON COUNTY SENIOR SQDN","CO-136","CO-136","CO-136@cowg.cap.gov","smtp:CO-136@COCivilAirPatrol.onmicrosoft.com;SMTP:CO-136@cowg.cap.gov","MailUniversalDistributionGroup","","False","False","True","Mike.Schulte","7/9/2025 4:13:20 AM","13937b50-4c01-4b45-b0e7-c05df4200abe","CO-136"
"DistributionList","CO-136 N594CP pilots & crew","CO-136 N594CP pilots & crew","94c_status","94c_status@cowg.cap.gov","smtp:94c_status@jeffcocap.org;SMTP:94c_status@cowg.cap.gov","MailUniversalDistributionGroup","","False","False","False","Robert.Gamber","4/17/2020 3:50:22 PM","edd732cc-c163-43a5-9c92-a816bc805ca9","CO-136 N594CP pilots & crew"
"DistributionList","CO-136 Seniors","CO-136 Seniors","CO-136Seniors","CO-136-Seniors@cowg.cap.gov","smtp:CO-136Seniors@COCivilAirPatrol.onmicrosoft.com;SMTP:CO-136-Seniors@cowg.cap.gov","MailUniversalDistributionGroup","","False","False","True","Mike.Schulte","5/17/2025 4:36:51 PM","5d5b97a7-d5f0-4a75-a8d6-53ed1450142c","CO-136 Seniors"
"DistributionList","CO-141 Cadets","CO-141 Cadets20230619214552","co-141-cadets","co-141-cadets@cowg.cap.gov","smtp:co-141-cadets@COCivilAirPatrol.onmicrosoft.com;SMTP:co-141-cadets@cowg.cap.gov","MailUniversalDistributionGroup","","False","False","True","robyusko","6/19/2023 9:45:56 PM","2e65201c-2fe2-43cf-a615-1f0be5782bfb","CO-141 Cadets20230619214552"
"DistributionList","CO-141 MONTROSE COMPOSITE SQDN","CO-141","CO-141","CO-141@cowg.cap.gov","smtp:CO-141@COCivilAirPatrol.onmicrosoft.com;SMTP:CO-141@cowg.cap.gov","MailUniversalDistributionGroup","","False","False","True","Mike.Schulte","7/9/2025 4:13:24 AM","48ba8cd7-2175-41dc-947a-dd762c5f7b5e","CO-141"
"DistributionList","CO-141 Seniors","CO-141 Seniors20230619214645","co-141-seniors","co-141-seniors@cowg.cap.gov","smtp:co-141-seniors@COCivilAirPatrol.onmicrosoft.com;SMTP:co-141-seniors@cowg.cap.gov","MailUniversalDistributionGroup","","False","False","True","robyusko","6/19/2023 9:46:48 PM","27baa3fd-d7ac-4d88-8aa5-958574b2ea98","CO-141 Seniors20230619214645"
"DistributionList","CO-143 Cadets","CO-143 Cadets20230812220043","co-143-cadets","co-143-cadets@cowg.cap.gov","smtp:co-143-cadets@COCivilAirPatrol.onmicrosoft.com;SMTP:co-143-cadets@cowg.cap.gov","MailUniversalDistributionGroup","","False","False","True","robyusko","8/12/2023 10:00:44 PM","a415735e-e24c-4dd0-b552-7d483d2bf3a6","CO-143 Cadets20230812220043"
"DistributionList","CO-143 MILE HIGH CADET SQUADRON","CO-143","CO-143","CO-143@cowg.cap.gov","smtp:CO-143@COCivilAirPatrol.onmicrosoft.com;SMTP:CO-143@cowg.cap.gov","MailUniversalDistributionGroup","","False","False","True","Mike.Schulte","7/9/2025 4:13:29 AM","f09b9a22-0948-465b-b2d0-99d569fbb8ad","CO-143"
"DistributionList","CO-143 Seniors","CO-143 Seniors20230812215932","co-143-seniors","co-143-seniors@cowg.cap.gov","smtp:co-143-seniors@COCivilAirPatrol.onmicrosoft.com;SMTP:co-143-seniors@cowg.cap.gov","MailUniversalDistributionGroup","","False","False","True","robyusko","8/12/2023 9:59:33 PM","b4c5de68-9068-4149-bc1f-f8a3cac60cd5","CO-143 Seniors20230812215932"
"DistributionList","CO-147 Cadets","CO-147 Cadets20230619214749","co-146-cadets","co-147-cadets@cowg.cap.gov","smtp:co-147-cadets@COCivilAirPatrol.onmicrosoft.com;SMTP:co-147-cadets@cowg.cap.gov","MailUniversalDistributionGroup","","False","False","True","robyusko","6/19/2023 9:47:52 PM","994ff2ed-7cd4-4315-9a6d-c5d6772b6278","CO-147 Cadets20230619214749"
"DistributionList","CO-147 Seniors","CO-147 Seniors20230619214829","co-147-seniors","co-147-seniors@cowg.cap.gov","smtp:co-147-seniors@COCivilAirPatrol.onmicrosoft.com;SMTP:co-147-seniors@cowg.cap.gov","MailUniversalDistributionGroup","","False","False","True","robyusko","6/19/2023 9:48:32 PM","572a2780-5043-40e1-b572-1404dd1e27a1","CO-147 Seniors20230619214829"
"DistributionList","CO-147 THOMPSON VALLEY COMPOSITE SQDN","CO-147","CO-147","CO-147@cowg.cap.gov","smtp:CO-147@COCivilAirPatrol.onmicrosoft.com;SMTP:CO-147@cowg.cap.gov","MailUniversalDistributionGroup","","False","False","True","Mike.Schulte","7/9/2025 4:13:35 AM","1bf4675f-6a7b-4081-b951-b8096099b144","CO-147"
"DistributionList","CO-148 Cadets","CO-148 Cadets20230812225107","co-148-cadets","co-148-cadets@cowg.cap.gov","smtp:co-148-cadets@COCivilAirPatrol.onmicrosoft.com;SMTP:co-148-cadets@cowg.cap.gov","MailUniversalDistributionGroup","","False","False","True","robyusko","8/12/2023 10:51:08 PM","4fb8ea38-3d4e-43c2-af3e-f8728b0b6d26","CO-148 Cadets20230812225107"
"DistributionList","CO-148 MUSTANG CADET SQDN","CO-148","CO-148","CO-148@cowg.cap.gov","smtp:CO-1481061@COCivilAirPatrol.onmicrosoft.com;SMTP:CO-148@cowg.cap.gov","MailUniversalDistributionGroup","","False","False","True","Mike.Schulte","7/9/2025 4:13:43 AM","e2389e84-34ee-4caf-9ab0-0378114982bc","CO-148"
"DistributionList","CO-148 Seniors","CO-148 Seniors20230812224632","co-148-seniors","co-148-seniors@cowg.cap.gov","smtp:co-148-seniors@COCivilAirPatrol.onmicrosoft.com;SMTP:co-148-seniors@cowg.cap.gov","MailUniversalDistributionGroup","","False","False","True","robyusko","8/12/2023 10:46:34 PM","a4ab4395-ad0b-4871-b14f-f0ba31ed763c","CO-148 Seniors20230812224632"
"DistributionList","CO-157 Cadets","CO-157 Cadets20230812225439","co-157-cadets","co-157-cadets@cowg.cap.gov","smtp:co-157-cadets@COCivilAirPatrol.onmicrosoft.com;SMTP:co-157-cadets@cowg.cap.gov","MailUniversalDistributionGroup","","False","False","True","robyusko","8/12/2023 10:54:41 PM","79d32570-8f81-4482-9c52-2fccce3c1f2d","CO-157 Cadets20230812225439"
"DistributionList","CO-157 CASTLE ROCK CADET SQUADRON","CO-157","CO-157","CO-157@cowg.cap.gov","smtp:CO-157@COCivilAirPatrol.onmicrosoft.com;SMTP:CO-157@cowg.cap.gov","MailUniversalDistributionGroup","","False","False","True","Mike.Schulte","7/9/2025 4:13:51 AM","ef51aaa9-c196-4ef5-a08b-104abd4658d2","CO-157"
"DistributionList","CO-157 Seniors","CO-157 Seniors20230812225558","co-157-seniors","co-157-seniors@cowg.cap.gov","smtp:co-157-seniors@COCivilAirPatrol.onmicrosoft.com;SMTP:co-157-seniors@cowg.cap.gov","MailUniversalDistributionGroup","","False","False","True","robyusko","8/12/2023 10:55:59 PM","b1fdafbd-ef99-4464-821a-411cc5df175f","CO-157 Seniors20230812225558"
"DistributionList","CO-159 AIR ACADEMY CADET SQUADRON","CO-159","CO-159","CO-159@cowg.cap.gov","smtp:CO-159@COCivilAirPatrol.onmicrosoft.com;SMTP:CO-159@cowg.cap.gov","MailUniversalDistributionGroup","","False","False","True","Mike.Schulte","7/9/2025 4:13:57 AM","d577ede9-2fe4-4c17-bba8-6b3e87d7265b","CO-159"
"DistributionList","CO-159 Cadets","CO-159 Cadets","CO-159Cadets","CO-159-Cadets@cowg.cap.gov","smtp:CO-159Cadets@COCivilAirPatrol.onmicrosoft.com;SMTP:CO-159-Cadets@cowg.cap.gov","MailUniversalDistributionGroup","","False","False","True","Mike.Schulte","5/17/2025 4:43:00 PM","94c69176-740f-46bb-a17f-7dbaba337733","CO-159 Cadets"
"DistributionList","CO-159 Seniors","CO-159 Seniors","CO-159Seniors","CO-159-Seniors@cowg.cap.gov","smtp:CO-159Seniors@COCivilAirPatrol.onmicrosoft.com;SMTP:CO-159-Seniors@cowg.cap.gov","MailUniversalDistributionGroup","","False","False","True","Mike.Schulte","5/17/2025 4:42:20 PM","f844ecde-621b-4cbd-85f9-1e73847b7dec","CO-159 Seniors"
"DistributionList","CO-162 BLACK SHEEP SENIOR SQDN","CO-162","CO-162","CO-162@cowg.cap.gov","smtp:sheepdip@cowg.cap.gov;smtp:CO-162@COCivilAirPatrol.onmicrosoft.com;SMTP:CO-162@cowg.cap.gov","MailUniversalDistributionGroup","","False","False","True","Mike.Schulte","7/5/2025 2:18:28 PM","7b790a8b-059e-4156-a19b-21bbfb687815","CO-162"
"DistributionList","CO-162 Seniors","CO-162 Seniors","CO-162Seniors","CO-162-Seniors@cowg.cap.gov","smtp:CO-162Seniors@COCivilAirPatrol.onmicrosoft.com;SMTP:CO-162-Seniors@cowg.cap.gov","MailUniversalDistributionGroup","","False","False","True","Mike.Schulte","5/17/2025 4:42:22 PM","4e531d03-e6ef-4c50-b6ba-dc367a74fae9","CO-162 Seniors"
"DistributionList","CO-162 UAS Contact","CO-162 UAS Contact","CO-162UASContact","UASContact@COCivilAirPatrol.onmicrosoft.com","SMTP:UASContact@COCivilAirPatrol.onmicrosoft.com","MailUniversalDistributionGroup","","False","False","False","rgreenlee","3/9/2018 12:13:17 PM","1d03207b-311d-4550-818b-48b4eab6626a","CO-162 UAS Contact"
"DistributionList","CO-163 Cadets","CO-163 Cadets20230812231915","co-163-cadets","co-163-cadets@cowg.cap.gov","smtp:co-163-cadets@COCivilAirPatrol.onmicrosoft.com;SMTP:co-163-cadets@cowg.cap.gov","MailUniversalDistributionGroup","","False","False","True","robyusko","8/12/2023 11:19:17 PM","f2ea000d-4387-43f2-8472-9ae95c4d2efb","CO-163 Cadets20230812231915"
"DistributionList","CO-163 HIGHLANDER COMPOSITE SQUADRON","CO-163","CO-163","CO-163@cowg.cap.gov","smtp:CO-163@COCivilAirPatrol.onmicrosoft.com;SMTP:CO-163@cowg.cap.gov","MailUniversalDistributionGroup","","False","False","True","Mike.Schulte","7/9/2025 4:14:24 AM","f199ead9-b969-4a45-b86b-a969ac5661c6","CO-163"
"DistributionList","CO-163 Seniors","CO-163 Seniors20251126171544","co-163-seniors","co-163-seniors@cowg.cap.gov","smtp:co-163-seniors@COCivilAirPatrol.onmicrosoft.com;SMTP:co-163-seniors@cowg.cap.gov","MailUniversalDistributionGroup","","False","False","True","Mike.Schulte","11/26/2025 5:16:01 PM","590dd37f-5ca6-4a95-bcca-788072c40377","CO-163 Seniors20251126171544"
"DistributionList","CO-164 Cadets","CO-164 Cadets","CO-164Cadets","CO-164-Cadets@cowg.cap.gov","smtp:CO-164Cadets@COCivilAirPatrol.onmicrosoft.com;SMTP:CO-164-Cadets@cowg.cap.gov","MailUniversalDistributionGroup","","False","False","True","Mike.Schulte","5/17/2025 4:43:04 PM","8b2eab95-b53b-470f-826b-17c90184f964","CO-164 Cadets"
"DistributionList","CO-164 Seniors","CO-164 Seniors","CO-164Seniors","CO-164-Seniors@cowg.cap.gov","smtp:CO-164Seniors@COCivilAirPatrol.onmicrosoft.com;SMTP:CO-164-Seniors@cowg.cap.gov","MailUniversalDistributionGroup","","False","False","True","Mike.Schulte","5/17/2025 4:42:24 PM","3919fa80-a2ee-4917-a6f9-99424904266c","CO-164 Seniors"
"DistributionList","CO-165 Cadets","CO-165 Cadets","CO-165Cadets","CO-165-Cadets@cowg.cap.gov","smtp:CO-165Cadets@COCivilAirPatrol.onmicrosoft.com;SMTP:CO-165-Cadets@cowg.cap.gov","MailUniversalDistributionGroup","","False","False","True","Mike.Schulte","5/17/2025 4:43:06 PM","f184c020-fe60-4468-962d-70924a463827","CO-165 Cadets"
"DistributionList","CO-165 Seniors","CO-165 Seniors","CO-165Seniors","CO-165-Seniors@cowg.cap.gov","smtp:CO-165Seniors@COCivilAirPatrol.onmicrosoft.com;SMTP:CO-165-Seniors@cowg.cap.gov","MailUniversalDistributionGroup","","False","False","True","Mike.Schulte","5/17/2025 4:42:26 PM","4e6abc64-0f65-48bd-bc12-934fc0998f85","CO-165 Seniors"
"DistributionList","CO-167 Cadets","CO-167 Cadets","CO-167Cadets","CO-167-Cadets@cowg.cap.gov","smtp:CO-167Cadets@COCivilAirPatrol.onmicrosoft.com;SMTP:CO-167-Cadets@cowg.cap.gov","MailUniversalDistributionGroup","","False","False","True","Mike.Schulte","5/17/2025 4:43:08 PM","1d18f533-8dae-4a80-9419-0911048131ca","CO-167 Cadets"
"DistributionList","CO-167 GROUP 1 HEADQUARTERS","CO-167","CO-167","CO-167@cowg.cap.gov","smtp:CO-167@COCivilAirPatrol.onmicrosoft.com;SMTP:CO-167@cowg.cap.gov","MailUniversalDistributionGroup","","False","False","True","Mike.Schulte","7/5/2025 2:18:43 PM","84ac8ff6-c28c-4aea-9055-4c5e8a30084c","CO-167"
"DistributionList","CO-167 Seniors","CO-167 Seniors","CO-167Seniors","CO-167-Seniors@cowg.cap.gov","smtp:CO-167Seniors@COCivilAirPatrol.onmicrosoft.com;SMTP:CO-167-Seniors@cowg.cap.gov","MailUniversalDistributionGroup","","False","False","True","Mike.Schulte","5/17/2025 4:42:29 PM","203e7624-5a5a-4afe-9435-b3339edf061b","CO-167 Seniors"
"DistributionList","CO-169 Cadets","CO-169 Cadets","CO-169Cadets","CO-169-Cadets@cowg.cap.gov","smtp:CO-169Cadets@COCivilAirPatrol.onmicrosoft.com;SMTP:CO-169-Cadets@cowg.cap.gov","MailUniversalDistributionGroup","","False","False","True","Mike.Schulte","5/17/2025 4:43:10 PM","720878d1-4ce0-4e34-b29f-5f3a050283a2","CO-169 Cadets"
"DistributionList","CO-169 GROUP 2 HEADQUARTERS","CO-169","CO-169","CO-169@cowg.cap.gov","smtp:CO-169@COCivilAirPatrol.onmicrosoft.com;SMTP:CO-169@cowg.cap.gov","MailUniversalDistributionGroup","","False","False","True","Mike.Schulte","7/5/2025 2:18:48 PM","568f278f-1078-48ce-958d-34434ac80d58","CO-169"
"DistributionList","CO-169 Seniors","CO-169 Seniors","CO-169Seniors","CO-169-Seniors@cowg.cap.gov","smtp:CO-169Seniors@COCivilAirPatrol.onmicrosoft.com;SMTP:CO-169-Seniors@cowg.cap.gov","MailUniversalDistributionGroup","","False","False","True","Mike.Schulte","5/17/2025 4:42:30 PM","637f5da6-c53b-4e1b-a7a0-e4fd6b985ea8","CO-169 Seniors"
"DistributionList","CO-173 Cadets","CO-173 Cadets20230812232136","co-173-cadets","co-173-cadets@cowg.cap.gov","smtp:co-173-cadets@COCivilAirPatrol.onmicrosoft.com;SMTP:co-173-cadets@cowg.cap.gov","MailUniversalDistributionGroup","","False","False","True","robyusko","8/12/2023 11:21:37 PM","8211c854-d5f8-4043-bbfa-6947d45ca5f6","CO-173 Cadets20230812232136"
"DistributionList","CO-173 PARKER COMPOSITE SQDN","CO-173","CO-173","CO-173@cowg.cap.gov","smtp:CO-173@COCivilAirPatrol.onmicrosoft.com;SMTP:CO-173@cowg.cap.gov","MailUniversalDistributionGroup","","False","False","True","Mike.Schulte","7/9/2025 4:14:40 AM","f4d11dce-a1da-438f-b5a3-8beae9fd1b2a","CO-173"
"DistributionList","CO-173 Seniors","CO-173 Seniors20230812232312","co-173-seniors","co-173-seniors@cowg.cap.gov","smtp:co-173-seniors@COCivilAirPatrol.onmicrosoft.com;SMTP:co-173-seniors@cowg.cap.gov","MailUniversalDistributionGroup","","False","False","True","robyusko","8/12/2023 11:23:14 PM","8f98bbc5-8a55-4edb-a121-add67de391b4","CO-173 Seniors20230812232312"
"DistributionList","CO-181 Cadets","CO-181 Cadets","CO-181Cadets","CO-181-Cadets@cowg.cap.gov","smtp:CO-181Cadets@COCivilAirPatrol.onmicrosoft.com;SMTP:CO-181-Cadets@cowg.cap.gov","MailUniversalDistributionGroup","","False","False","True","Mike.Schulte","5/17/2025 4:43:12 PM","4d8154de-9b6d-4a4d-9283-1af2eebb8b4e","CO-181 Cadets"
"DistributionList","CO-181 Seniors","CO-181 Seniors","CO-181Seniors","CO-181-Seniors@cowg.cap.gov","smtp:CO-181Seniors@COCivilAirPatrol.onmicrosoft.com;SMTP:CO-181-Seniors@cowg.cap.gov","MailUniversalDistributionGroup","","False","False","True","Mike.Schulte","5/17/2025 4:42:33 PM","b3496405-c8ae-47b1-abaf-127482bb4d59","CO-181 Seniors"
"DistributionList","CO-181 STEAMBOAT SPRINGS COMPOSITE SQDN","CO-181","CO-181","CO-181@cowg.cap.gov","smtp:CO-1815418@COCivilAirPatrol.onmicrosoft.com;SMTP:CO-181@cowg.cap.gov","MailUniversalDistributionGroup","","False","False","True","Mike.Schulte","7/9/2025 4:14:50 AM","f8427b6d-ad38-4664-a2cb-89b3f8e1b527","CO-181"
"DistributionList","CO-183 Cadets","CO-183 Cadets20230812232545","co-183-cadets","co-183-cadets@cowg.cap.gov","smtp:co-183-cadets@COCivilAirPatrol.onmicrosoft.com;SMTP:co-183-cadets@cowg.cap.gov","MailUniversalDistributionGroup","","False","False","True","robyusko","8/12/2023 11:25:47 PM","1110a004-5f55-48a8-9e3d-e1065692bbe2","CO-183 Cadets20230812232545"
"DistributionList","CO-183 Seniors","CO-183 Seniors20230812232810","co-183-seniors","co-183-seniors@cowg.cap.gov","smtp:co-183-seniors@COCivilAirPatrol.onmicrosoft.com;SMTP:co-183-seniors@cowg.cap.gov","MailUniversalDistributionGroup","","False","False","True","robyusko","8/12/2023 11:28:12 PM","4a092ac9-4926-4698-aee3-1c7399515b4d","CO-183 Seniors20230812232810"
"DistributionList","CO-183 VALKYRIE CADET SQDN","CO-183","CO-183","CO-183@cowg.cap.gov","smtp:CO-183@COCivilAirPatrol.onmicrosoft.com;SMTP:CO-183@cowg.cap.gov","MailUniversalDistributionGroup","","False","False","True","Mike.Schulte","7/9/2025 4:14:55 AM","6762e380-3838-46a7-9814-89493cfbcb40","CO-183"
"DistributionList","CO-186 Cadets","CO-186 Cadets20230812232957","co-186-cadets","co-186-cadets@cowg.cap.gov","smtp:co-186-cadets@COCivilAirPatrol.onmicrosoft.com;SMTP:co-186-cadets@cowg.cap.gov","MailUniversalDistributionGroup","","False","False","True","robyusko","8/12/2023 11:29:59 PM","1e3e00ed-b57a-4475-b39a-f9017369f2f5","CO-186 Cadets20230812232957"
"DistributionList","CO-186 DAKOTA RIDGE COMPOSITE SQDN","CO-186","CO-186","CO-186@cowg.cap.gov","smtp:CO-186@COCivilAirPatrol.onmicrosoft.com;SMTP:CO-186@cowg.cap.gov","MailUniversalDistributionGroup","","False","False","True","Mike.Schulte","7/9/2025 4:15:03 AM","744f02d5-0aa6-49f9-a6d1-0a03310b1e79","CO-186"
"DistributionList","CO-186 Seniors","CO-186 Seniors20230812233113","co-186-seniors","co-186-seniors@cowg.cap.gov","smtp:co-186-seniors@COCivilAirPatrol.onmicrosoft.com;SMTP:co-186-seniors@cowg.cap.gov","MailUniversalDistributionGroup","","False","False","True","robyusko","8/12/2023 11:31:15 PM","a08de210-bbc3-43a6-96d9-7c92741d3b17","CO-186 Seniors20230812233113"
"DistributionList","CO-189 MESA VERDE COMPOSITE SQUADRON","CO-189","CO-189","CO-189@cowg.cap.gov","smtp:CO-189@COCivilAirPatrol.onmicrosoft.com;SMTP:CO-189@cowg.cap.gov","MailUniversalDistributionGroup","","False","False","True","Mike.Schulte","7/9/2025 4:15:07 AM","dc81306e-fdcb-44c1-ae2f-af1406e5949a","CO-189"
"DistributionList","CO-189 Seniors","CO-189 Seniors","CO-189Seniors","CO-189-Seniors@cowg.cap.gov","smtp:CO-189Seniors@COCivilAirPatrol.onmicrosoft.com;SMTP:CO-189-Seniors@cowg.cap.gov","MailUniversalDistributionGroup","","False","False","True","Mike.Schulte","5/17/2025 4:42:35 PM","fa04bf3f-6791-4044-a67d-c52be83c91d8","CO-189 Seniors"
"DistributionList","CO-191 Cadets","CO-191 Cadets","CO-191Cadets","CO-191-Cadets@cowg.cap.gov","smtp:CO-191Cadets@COCivilAirPatrol.onmicrosoft.com;SMTP:CO-191-Cadets@cowg.cap.gov","MailUniversalDistributionGroup","","False","False","True","Mike.Schulte","5/17/2025 4:43:16 PM","42645c2c-d066-456d-bc4e-84b46d654be6","CO-191 Cadets"
"DistributionList","CO-191 PLATTE VALLEY CADET SQUADRON","CO-191","CO-191","CO-191@cowg.cap.gov","smtp:CO-191@COCivilAirPatrol.onmicrosoft.com;SMTP:CO-191@cowg.cap.gov","MailUniversalDistributionGroup","","False","False","True","Mike.Schulte","7/5/2025 2:18:56 PM","f71d5807-7484-4df7-8683-9c31eaf6a40a","CO-191"
"DistributionList","CO-191 Seniors","CO-191 Seniors","CO-191Seniors","CO-191-Seniors@cowg.cap.gov","smtp:CO-191Seniors@COCivilAirPatrol.onmicrosoft.com;SMTP:CO-191-Seniors@cowg.cap.gov","MailUniversalDistributionGroup","","False","False","True","Mike.Schulte","5/17/2025 4:42:37 PM","5cc42158-eac7-46ad-af2d-909c7d2bb8c1","CO-191 Seniors"
"DistributionList","CO-805 Cadets","CO-805 Cadets","CO-805Cadets","CO-805-Cadets@cowg.cap.gov","smtp:CO-805Cadets@COCivilAirPatrol.onmicrosoft.com;SMTP:CO-805-Cadets@cowg.cap.gov","MailUniversalDistributionGroup","","False","False","True","Mike.Schulte","5/17/2025 4:43:18 PM","d33c678d-282d-44c8-aa14-341694c77844","CO-805 Cadets"
"DistributionList","CO-805 COLORADO MILITARY ACADEMY CADET SQUADRON","CO-805","CO-805","CO-805@cowg.cap.gov","smtp:CO-805@COCivilAirPatrol.onmicrosoft.com;SMTP:CO-805@cowg.cap.gov","MailUniversalDistributionGroup","","False","False","True","Mike.Schulte","7/9/2025 4:15:14 AM","69b0aaa3-23ef-4b1b-834c-a9edf5cc1d2a","CO-805"
"DistributionList","CO-805 Seniors","CO-805 Seniors","CO-805Seniors","CO-805-Seniors@cowg.cap.gov","smtp:CO-805Seniors@COCivilAirPatrol.onmicrosoft.com;SMTP:CO-805-Seniors@cowg.cap.gov","MailUniversalDistributionGroup","","False","False","True","Mike.Schulte","5/17/2025 4:42:39 PM","6ade12b7-56c5-4179-9bed-359da21409f7","CO-805 Seniors"
"DistributionList","CO-807 Cadets","CO-807 Cadets","CO-807Cadets","CO-807-Cadets@cowg.cap.gov","smtp:CO-807Cadets@COCivilAirPatrol.onmicrosoft.com;SMTP:CO-807-Cadets@cowg.cap.gov","MailUniversalDistributionGroup","","False","False","True","Mike.Schulte","5/17/2025 4:43:20 PM","adf42aaa-3e91-4a52-af96-55bce2be8a1b","CO-807 Cadets"
"DistributionList","CO-807 MERIT ACADEMY CADET SQUADRON","CO-807","CO-807","CO-807@cowg.cap.gov","smtp:CO-8078688@COCivilAirPatrol.onmicrosoft.com;SMTP:CO-807@cowg.cap.gov","MailUniversalDistributionGroup","","False","False","True","Mike.Schulte","7/9/2025 4:15:26 AM","7221c1b7-f41e-4329-8fc3-b366696805d7","CO-807"
"DistributionList","CO-807 Seniors","CO-807 Seniors","CO-807Seniors","CO-807-Seniors@cowg.cap.gov","smtp:CO-807Seniors@COCivilAirPatrol.onmicrosoft.com;SMTP:CO-807-Seniors@cowg.cap.gov","MailUniversalDistributionGroup","","False","False","True","Mike.Schulte","5/17/2025 4:42:41 PM","8d282066-2ed9-46d3-8325-f8ca305a230b","CO-807 Seniors"
"DistributionList","Command","Command","Command","Command@cowg.cap.gov","smtp:Command@COCivilAirPatrol.onmicrosoft.com;SMTP:Command@cowg.cap.gov","MailUniversalDistributionGroup","","False","False","True","Mike.Schulte","5/4/2025 9:39:09 PM","3d19ac15-6760-478d-ba49-ff67b4d83ff7","Command"
"DistributionList","Commanders","COWG Commanders","Commanders","Commanders@cowg.cap.gov","smtp:Commanders@COCivilAirPatrol.onmicrosoft.com;SMTP:Commanders@cowg.cap.gov","MailUniversalDistributionGroup","","False","False","False","rgreenlee;robyusko","2/23/2020 4:41:55 PM","581483cf-353b-4e45-8cdd-e0d583a6a0f0","COWG Commanders"
"DistributionList","Communications","Communications","Communications","Communications@cowg.cap.gov","smtp:Communications@COCivilAirPatrol.onmicrosoft.com;SMTP:Communications@cowg.cap.gov","MailUniversalDistributionGroup","","False","False","True","Mike.Schulte","5/4/2025 9:41:10 PM","f5a85444-f809-430f-a677-0282d72a871f","Communications"
"DistributionList","Communicators","Communicators20250503142451","Communicators","Communicators@cowg.cap.gov","smtp:Communicators@COCivilAirPatrol.onmicrosoft.com;SMTP:Communicators@cowg.cap.gov","MailUniversalDistributionGroup","","False","False","True","Mike.Schulte;Mark.Sheets","5/3/2025 2:24:52 PM","587462d0-f1c4-4b3f-b0ea-c55b300bd227","Communicators20250503142451"
"DistributionList","COWG SAREX ICP Staff","COWG SAREX ICP Staff20190821233349","cowgsarexicpstaff","cowgsarexicpstaff@COCivilAirPatrol.onmicrosoft.com","SMTP:cowgsarexicpstaff@COCivilAirPatrol.onmicrosoft.com","MailUniversalDistributionGroup","","False","False","False","robyusko","8/21/2019 11:33:51 PM","38bd68a7-8dc5-494b-bea1-aee0ca89e049","COWG SAREX ICP Staff20190821233349"
"DistributionList","COWG SAREX Injects","COWG SAREX Injects20190821212350","cowgsarexinjects","cowgsarexinjects@COCivilAirPatrol.onmicrosoft.com","SMTP:cowgsarexinjects@COCivilAirPatrol.onmicrosoft.com","MailUniversalDistributionGroup","","False","False","False","robyusko","8/21/2019 9:23:53 PM","eb24b989-ffa2-4467-a2b1-4b37c7b2156d","COWG SAREX Injects20190821212350"
"DistributionList","Drug Demand Reduction","Drug Demand Reduction","DrugDemandReduction","DrugDemandReduction@cowg.cap.gov","smtp:DrugDemandReduction@COCivilAirPatrol.onmicrosoft.com;SMTP:DrugDemandReduction@cowg.cap.gov","MailUniversalDistributionGroup","","False","False","True","Mike.Schulte","5/4/2025 9:43:01 PM","dc1d7806-18a9-4155-947a-974fdffdd884","Drug Demand Reduction"
"DistributionList","Emergency Services","Emergency Services","EmergencyServices","EmergencyServices@cowg.cap.gov","smtp:EmergencyServices@COCivilAirPatrol.onmicrosoft.com;SMTP:EmergencyServices@cowg.cap.gov","MailUniversalDistributionGroup","","False","False","True","Mike.Schulte","5/4/2025 9:43:11 PM","52f1330a-67e2-4208-9474-88f235b5337b","Emergency Services"
"DistributionList","ESList","ESList20250503134218","ESList","ESList@cowg.cap.gov","smtp:ESList@COCivilAirPatrol.onmicrosoft.com;SMTP:ESList@cowg.cap.gov","MailUniversalDistributionGroup","","False","False","True","Mike.Schulte;Sanjay.Tyagi;robyusko","5/3/2025 1:42:19 PM","e672e0cd-892a-481e-acc2-20f9f704955e","ESList20250503134218"
"DistributionList","Finance","Finance","Finance","Finance@cowg.cap.gov","smtp:Finance@COCivilAirPatrol.onmicrosoft.com;SMTP:Finance@cowg.cap.gov","MailUniversalDistributionGroup","","False","False","True","Mike.Schulte","5/5/2025 1:24:09 AM","81c845e8-64ce-4f38-b826-6f6e973acef6","Finance"
"DistributionList","Flight Operations","Flight Operations","FlightOperations","FlightOperations@cowg.cap.gov","smtp:FlightOperations@COCivilAirPatrol.onmicrosoft.com;SMTP:FlightOperations@cowg.cap.gov","MailUniversalDistributionGroup","","False","False","True","Mike.Schulte","5/5/2025 1:27:19 AM","beb8014a-8fd3-4b3d-aee8-48e088250daa","Flight Operations"
"DistributionList","Group 1 - Northern Colorado","Group 1 - Northern Colorado","group1","group1@cowg.cap.gov","smtp:group1@COCivilAirPatrol.onmicrosoft.com;SMTP:group1@cowg.cap.gov","MailUniversalDistributionGroup","","False","False","True","","7/8/2026 8:03:38 PM","8cc861d5-bd78-4028-82f0-c613aa990011","Group 1 - Northern Colorado"
"DistributionList","Group 2 - Western Slope","Group 2 - Western Slope","group2","group2@cowg.cap.gov","smtp:group2@COCivilAirPatrol.onmicrosoft.com;SMTP:group2@cowg.cap.gov","MailUniversalDistributionGroup","","False","False","True","","7/8/2026 9:03:25 PM","5dd43858-49ed-4fd6-9833-53da64c73c18","Group 2 - Western Slope"
"DistributionList","Group 3 - Southern Colorado","Group 3 - Southern Colorado","group3","group3@cowg.cap.gov","smtp:group3@COCivilAirPatrol.onmicrosoft.com;SMTP:group3@cowg.cap.gov","MailUniversalDistributionGroup","","False","False","True","","7/8/2026 8:17:38 PM","0f00cb41-8640-43df-9888-d98146d932a8","Group 3 - Southern Colorado"
"DistributionList","Group 4 - Central Colorado","Group 4 - Central Colorado","group4","group4@cowg.cap.gov","smtp:group4@COCivilAirPatrol.onmicrosoft.com;SMTP:group4@cowg.cap.gov","MailUniversalDistributionGroup","","False","False","True","","7/8/2026 8:19:42 PM","a86cb3e3-68e7-4014-a2bc-1473de2c80ff","Group 4 - Central Colorado"
"DistributionList","Group 4 Cadets","Group 4 Cadets20230812220659","gp4-cadets","gp4-cadets@cowg.cap.gov","smtp:gp4-cadets@COCivilAirPatrol.onmicrosoft.com;SMTP:gp4-cadets@cowg.cap.gov","MailUniversalDistributionGroup","","False","False","True","robyusko","8/12/2023 10:07:01 PM","a40204fe-b84a-4bdb-aad7-9cdb4cc6cab9","Group 4 Cadets20230812220659"
"DistributionList","Group 4 Emergency Services Officers","Group 4 Emergency Services Officers20251216032831","GP4-ESOfficers","GP4-ESOfficers@cowg.cap.gov","smtp:GP4-ESOfficers@COCivilAirPatrol.onmicrosoft.com;SMTP:GP4-ESOfficers@cowg.cap.gov","MailUniversalDistributionGroup","","False","False","True","Mike.Schulte","12/16/2025 3:28:49 AM","5c66e05a-a013-4244-92a8-8d5cf57fc42c","Group 4 Emergency Services Officers20251216032831"
"DistributionList","Health Services","Health Services","HealthServices","HealthServices@cowg.cap.gov","smtp:HealthServices@COCivilAirPatrol.onmicrosoft.com;SMTP:HealthServices@cowg.cap.gov","MailUniversalDistributionGroup","","False","False","True","Mike.Schulte","5/5/2025 1:27:38 AM","2534572c-d28b-4d34-a457-362d0d91ddac","Health Services"
"DistributionList","Highlander Leadership","Highlander Leadership20250330025537","highlander","highlander@cowg.cap.gov","smtp:highlander@COCivilAirPatrol.onmicrosoft.com;SMTP:highlander@cowg.cap.gov","MailUniversalDistributionGroup","","False","False","False","Mark.Borchelt;eec632e0-3f5c-4bcd-8c73-b8af0dde36b8;Tamara.Clements","3/30/2025 2:55:43 AM","b4f76f98-62c4-427c-8062-64dfe7173752","Highlander Leadership20250330025537"
"DistributionList","Historian","Historian","Historian","Historian@cowg.cap.gov","smtp:Historian@COCivilAirPatrol.onmicrosoft.com;SMTP:Historian@cowg.cap.gov","MailUniversalDistributionGroup","","False","False","True","Mike.Schulte","5/5/2025 1:28:04 AM","d67d9f81-9ee6-47b9-ab97-7200ab0b5e59","Historian"
"DistributionList","Information Technology Officer","Information Technology Officer","InformationTechnologyOfficer","InformationTechnologyOfficer@cowg.cap.gov","smtp:InformationTechnologyOfficer@COCivilAirPatrol.onmicrosoft.com;SMTP:InformationTechnologyOfficer@cowg.cap.gov","MailUniversalDistributionGroup","","False","False","True","","7/11/2025 8:06:42 AM","88d9af56-a3f5-4b09-8713-f3e848341610","Information Technology Officer"
"DistributionList","Inspector General","Inspector General","InspectorGeneral","InspectorGeneral@cowg.cap.gov","smtp:InspectorGeneral@COCivilAirPatrol.onmicrosoft.com;SMTP:InspectorGeneral@cowg.cap.gov","MailUniversalDistributionGroup","","False","False","True","Mike.Schulte","5/5/2025 1:29:38 AM","78062de5-6cff-4ab8-aa90-ba09f5da434a","Inspector General"
"DistributionList","Instructor Pilots","Instructor Pilots20250503143137","InstructorPilots","InstructorPilots@cowg.cap.gov","smtp:InstructorPilots@COCivilAirPatrol.onmicrosoft.com;SMTP:InstructorPilots@cowg.cap.gov","MailUniversalDistributionGroup","","False","False","True","robyusko;Mike.Schulte","5/3/2025 2:31:38 PM","dc6f6dd5-7d0d-4f9e-b532-738c6466f9b6","Instructor Pilots20250503143137"
"DistributionList","KAPA Pilot List","KAPA Pilot List20250516210046","KAPAPilotList","KAPAPilotList@cowg.cap.gov","smtp:KAPAPilotList@COCivilAirPatrol.onmicrosoft.com;SMTP:KAPAPilotList@cowg.cap.gov","MailUniversalDistributionGroup","","False","False","True","Mike.Schulte","5/16/2025 9:00:48 PM","e2af6de8-606e-4033-b396-fbab3c1d295b","KAPA Pilot List20250516210046"
"DistributionList","Legal","Legal","Legal","Legal@cowg.cap.gov","smtp:Legal@COCivilAirPatrol.onmicrosoft.com;SMTP:Legal@cowg.cap.gov","MailUniversalDistributionGroup","","False","False","True","Mike.Schulte","5/5/2025 1:30:03 AM","2909c87d-5f15-4d67-b78c-a5cd3e850c83","Legal"
"DistributionList","Logistics","Logistics","Logistics","Logistics@cowg.cap.gov","smtp:Logistics@COCivilAirPatrol.onmicrosoft.com;SMTP:Logistics@cowg.cap.gov","MailUniversalDistributionGroup","","False","False","True","Mike.Schulte","5/5/2025 1:30:16 AM","e086994d-5e57-4c7c-8727-0ac2b2e5a952","Logistics"
"DistributionList","Mission Base Staff","Mission Base Staff20250503142730","MissionBaseStaff","MissionBaseStaff@cowg.cap.gov","smtp:MissionBaseStaff@COCivilAirPatrol.onmicrosoft.com;SMTP:MissionBaseStaff@cowg.cap.gov","MailUniversalDistributionGroup","","False","False","True","robyusko;Sanjay.Tyagi;Mike.Schulte","5/3/2025 2:27:31 PM","9f443aa2-b1d4-4333-ae4f-ab6567d64871","Mission Base Staff20250503142730"
"DistributionList","Mission Check Pilots","Mission Check Pilots20250503144942","MissionCheckPilots","MissionCheckPilots@cowg.cap.gov","smtp:MissionCheckPilots@COCivilAirPatrol.onmicrosoft.com;SMTP:MissionCheckPilots@cowg.cap.gov","MailUniversalDistributionGroup","","False","False","True","robyusko;Sanjay.Tyagi;Mike.Schulte","5/3/2025 2:49:43 PM","161b38f6-8c53-423d-9885-e2c7a981cfd9","Mission Check Pilots20250503144942"
"DistributionList","Mission Pilots","Mission Pilots20250923151811","missionpilots","missionpilots@cowg.cap.gov","smtp:missionpilots@COCivilAirPatrol.onmicrosoft.com;SMTP:missionpilots@cowg.cap.gov","MailUniversalDistributionGroup","","False","False","True","Mike.Schulte","9/23/2025 3:18:14 PM","96903369-77d3-4671-98a5-b42526fe0bef","Mission Pilots20250923151811"
"DistributionList","Operations","Operations","Operations","Operations@cowg.cap.gov","smtp:Operations@COCivilAirPatrol.onmicrosoft.com;SMTP:Operations@cowg.cap.gov","MailUniversalDistributionGroup","","False","False","True","Mike.Schulte","5/5/2025 1:32:13 AM","d0b518eb-9007-4737-bda2-02e97b747a80","Operations"
"DistributionList","Orientation Pilots","Orientation Pilots20250503143228","OrientationPilots","OrientationPilots@cowg.cap.gov","smtp:OrientationPilots@COCivilAirPatrol.onmicrosoft.com;SMTP:OrientationPilots@cowg.cap.gov","MailUniversalDistributionGroup","","False","False","True","Mike.Schulte;robyusko","5/3/2025 2:32:29 PM","ab9deb9b-31c9-45bb-86da-75092fca3326","Orientation Pilots20250503143228"
"DistributionList","Personnel","Personnel","Personnel","Personnel@cowg.cap.gov","smtp:Personnel@COCivilAirPatrol.onmicrosoft.com;SMTP:Personnel@cowg.cap.gov","MailUniversalDistributionGroup","","False","False","True","Mike.Schulte","5/5/2025 1:33:43 AM","a19bfbef-b58b-48d9-8b93-ec15af7e0fc4","Personnel"
"DistributionList","Pilots","Pilots20250503133941","pilots","pilots@cowg.cap.gov","smtp:pilots@COCivilAirPatrol.onmicrosoft.com;SMTP:pilots@cowg.cap.gov","MailUniversalDistributionGroup","","False","False","True","robyusko;Mike.Schulte","5/3/2025 1:39:43 PM","7d4335cf-c624-458b-b988-005c370ee54d","Pilots20250503133941"
"DistributionList","Plans And Programs","Plans And Programs","PlansAndPrograms","PlansAndPrograms@cowg.cap.gov","smtp:PlansAndPrograms@COCivilAirPatrol.onmicrosoft.com;SMTP:PlansAndPrograms@cowg.cap.gov","MailUniversalDistributionGroup","","False","False","True","Mike.Schulte","5/5/2025 1:35:57 AM","1a423162-120a-4e37-9117-7d06885808d8","Plans And Programs"
"DistributionList","Professional Development","Professional Development","ProfessionalDevelopment","ProfessionalDevelopment@cowg.cap.gov","smtp:ProfessionalDevelopment@COCivilAirPatrol.onmicrosoft.com;SMTP:ProfessionalDevelopment@cowg.cap.gov","MailUniversalDistributionGroup","","False","False","True","Mike.Schulte","5/5/2025 1:36:06 AM","65cca85a-c19e-45df-86b2-76523953b5b3","Professional Development"
"DistributionList","Public Affairs","Public Affairs","PublicAffairs","PublicAffairs@cowg.cap.gov","smtp:PublicAffairs@COCivilAirPatrol.onmicrosoft.com;SMTP:PublicAffairs@cowg.cap.gov","MailUniversalDistributionGroup","","False","False","True","Mike.Schulte","5/5/2025 1:38:25 AM","b978e284-d65f-41f4-aad1-80d529dd6aed","Public Affairs"
"DistributionList","Recruiting And Retention Officer","Recruiting And Retention Officer","RecruitingAndRetentionOfficer","RecruitingAndRetentionOfficer@cowg.cap.gov","smtp:RecruitingAndRetentionOfficer@COCivilAirPatrol.onmicrosoft.com;SMTP:RecruitingAndRetentionOfficer@cowg.cap.gov","MailUniversalDistributionGroup","","False","False","True","Mike.Schulte","5/5/2025 1:39:47 AM","6888de7e-a3d9-497a-bafd-9c712c6dbba2","Recruiting And Retention Officer"
"DistributionList","Safety","Safety","Safety","Safety@cowg.cap.gov","smtp:Safety@COCivilAirPatrol.onmicrosoft.com;SMTP:Safety@cowg.cap.gov","MailUniversalDistributionGroup","","False","False","True","Mike.Schulte","5/5/2025 1:40:38 AM","79a29cf4-7dc9-47d0-9a04-22daf51182ff","Safety"
"DistributionList","Standards And Evaluations","Standards And Evaluations","StandardsAndEvaluations","StandardsAndEvaluations@cowg.cap.gov","smtp:StandardsAndEvaluations@COCivilAirPatrol.onmicrosoft.com;SMTP:StandardsAndEvaluations@cowg.cap.gov","MailUniversalDistributionGroup","","False","False","True","Mike.Schulte","5/5/2025 1:42:52 AM","22ac307e-1d15-49e4-93f5-7f282e6623c2","Standards And Evaluations"
"DistributionList","sUAS","sUAS20250923145019","suas","suas@cowg.cap.gov","smtp:suas@COCivilAirPatrol.onmicrosoft.com;SMTP:suas@cowg.cap.gov","MailUniversalDistributionGroup","","False","False","True","Mike.Schulte","9/23/2025 2:50:40 PM","b8c14015-ba97-49bc-886b-a4cb5f5f03d8","sUAS20250923145019"
"DynamicDistributionList","Admin - Distribution Group Management","Admin - Distribution Group Management","DistGrpMgmnt","DistGrpMgmnt@cowg.cap.gov","SMTP:DistGrpMgmnt@cowg.cap.gov","DynamicDistributionGroup","","False","False","True","","2/21/2023 8:40:06 PM","f4db030f-98eb-439e-b9a8-347ad6b572cb","Admin - Distribution Group Management"
"DynamicDistributionList","All","All","All","All@COCivilAirPatrol.onmicrosoft.com","SMTP:All@COCivilAirPatrol.onmicrosoft.com","DynamicDistributionGroup","","False","False","True","","8/2/2021 1:36:51 PM","85a6c9c9-905b-4da9-a260-e6dff383003c","All"
"DynamicDistributionList","CO Wing Staff","CO Wing Staff","cowgstaff","cowgstaff@cowg.cap.gov","SMTP:cowgstaff@cowg.cap.gov","DynamicDistributionGroup","","False","False","True","Mike.Schulte","1/26/2025 2:38:22 AM","2d136f2f-21be-44f3-b9de-1a7c52ae2149","CO Wing Staff"
"DynamicDistributionList","CO-099 Staff","CO-099 Staff","CO-099Staff","CO-099Staff@cowg.cap.gov","SMTP:CO-099Staff@cowg.cap.gov","DynamicDistributionGroup","","False","False","True","","3/25/2025 2:08:08 AM","2d8c4b03-0108-44d0-997b-e3b49f018c87","CO-099 Staff"
"DynamicDistributionList","COWG AEM","COWG AEM","AEM","aem@cowg.cap.gov","smtp:AEM@COCivilAirPatrol.onmicrosoft.com;SMTP:aem@cowg.cap.gov","DynamicDistributionGroup","","False","False","True","","3/9/2021 4:32:36 PM","ecbf2b26-b4df-4991-9c06-a6b5148e1aa5","COWG AEM"
"DynamicDistributionList","COWG Directors","COWG Directors","COWGDirectors","COWG-Directors@cowg.cap.gov","SMTP:COWG-Directors@cowg.cap.gov","DynamicDistributionGroup","","False","False","True","","4/9/2021 11:13:27 AM","01a514c2-2c83-4e01-b8b5-b4b74bc8a31c","COWG Directors"
"DynamicDistributionList","COWG Directors and Commanders","COWG Directors and Commanders","COWGDirectorsandCommanders","COWG-Directors-Commanders@cowg.cap.gov","SMTP:COWG-Directors-Commanders@cowg.cap.gov","DynamicDistributionGroup","","False","False","True","","4/9/2021 11:14:55 AM","d4ef46bd-c474-46c9-bd5e-0bf72083a32f","COWG Directors and Commanders"
"DynamicDistributionList","Group 1 - Commanders","Group 1 Commanders","Gp1-Commanders","Gp1-Commanders@cowg.cap.gov","SMTP:Gp1-Commanders@cowg.cap.gov","DynamicDistributionGroup","","False","False","True","","9/25/2022 5:11:58 PM","dcce0428-ef9c-4404-a11a-7b72cf2df174","Group 1 Commanders"
"DynamicDistributionList","Group 1 Emergency Services Officers","Group 1 Emergency Services Officers","GP1-ESOfficers","GP1-ESOfficers@cowg.cap.gov","SMTP:GP1-ESOfficers@cowg.cap.gov","DynamicDistributionGroup","","False","False","True","","4/29/2022 9:48:42 PM","666edd8c-904e-47a0-9dba-4e11e672e16e","Group 1 Emergency Services Officers"
"DynamicDistributionList","Group 2 Commanders","Group 2 Commanders","Gp2-Commanders","Gp2-Commanders@cowg.cap.gov","SMTP:Gp2-Commanders@cowg.cap.gov","DynamicDistributionGroup","","False","False","True","","4/16/2020 5:43:29 PM","37cb9d63-07d3-400c-ac17-418b9c46ce0c","Group 2 Commanders"
"DynamicDistributionList","Group 2 Emergency Services Officers","Group 2 Emergency Services Officers","GP2-ESOfficers","GP2-ESOfficers@cowg.cap.gov","SMTP:GP2-ESOfficers@cowg.cap.gov","DynamicDistributionGroup","","False","False","True","","4/17/2020 3:42:28 PM","c205f0f6-aed8-4422-9560-aede3a09b75a","Group 2 Emergency Services Officers"
"DynamicDistributionList","Group 3 Commanders","Group 3 Commanders","GP3-Commanders","GP3-Commanders@cowg.cap.gov","SMTP:GP3-Commanders@cowg.cap.gov","DynamicDistributionGroup","","False","False","True","","4/29/2022 9:43:38 PM","0becf215-438c-4100-810b-bb8d4a0e6983","Group 3 Commanders"
"DynamicDistributionList","Group 3 Emergency Services Officers","Group 3 Emergency Services Officers","GP3-ESOfficers","GP3-ESOfficers@cowg.cap.gov","SMTP:GP3-ESOfficers@cowg.cap.gov","DynamicDistributionGroup","","False","False","True","","4/29/2022 9:46:20 PM","a2978d13-d713-4339-b6d8-4f4091efa03b","Group 3 Emergency Services Officers"
"DynamicDistributionList","Group 4 Commanders","Group 4 Commanders","Gp4-Commanders","Gp4-Commanders@cowg.cap.gov","SMTP:Gp4-Commanders@cowg.cap.gov","DynamicDistributionGroup","","False","False","True","","9/25/2022 5:15:15 PM","765ac0b9-e1b8-4985-8adf-bea10e8b27e1","Group 4 Commanders"
"DynamicDistributionList","Group 8 Commanders","Group 8 Commanders","Gp8-Commanders","Gp8-Commanders@cowg.cap.gov","SMTP:Gp8-Commanders@cowg.cap.gov","DynamicDistributionGroup","","False","False","True","","9/10/2022 6:25:13 PM","a1dac7b5-9858-4ada-bc8e-0eadb962ad88","Group 8 Commanders"
"DynamicDistributionList","Only 000","Only 000","CO-000","CO-000@COCivilAirPatrol.onmicrosoft.com","SMTP:CO-000@COCivilAirPatrol.onmicrosoft.com","DynamicDistributionGroup","","False","False","True","","9/19/2020 3:00:15 AM","ed91ae34-51dd-4571-8693-441178369dce","Only 000"
"MailEnabledSecurityGroup","Aircraft Crew Chiefs","Aircraft Crew Chiefs20191211030231","acft_crew_chiefs","acft_crew_chiefs@cowg.cap.gov","SMTP:acft_crew_chiefs@cowg.cap.gov","MailUniversalSecurityGroup","","False","False","True","","12/11/2019 3:02:39 AM","7e72a71c-9c08-40df-a34c-b80080a109f9","Aircraft Crew Chiefs20191211030231"
"MailEnabledSecurityGroup","CAPResponseForm Mail.Send Scope","CAPResponseForm Mail.Send Scope","CAPResponseForm-MailSend-Scope","capresponseform-mailsend-scope@cowg.cap.gov","smtp:CAPResponseForm-MailSend-Scope@COCivilAirPatrol.onmicrosoft.com;SMTP:capresponseform-mailsend-scope@cowg.cap.gov","MailUniversalSecurityGroup","","False","False","True","Mike.Schulte","7/30/2026 1:30:11 PM","adedaf90-c6a9-4b37-aa7f-f552bb95d6da","CAPResponseForm Mail.Send Scope"
"MailEnabledSecurityGroup","CO Wing Crew Chiefs","CO Wing Crew Chiefs","AllCrewChiefs","AllCrewChiefs@cowg.cap.gov","SMTP:AllCrewChiefs@cowg.cap.gov","MailUniversalSecurityGroup","","False","False","True","Matthew.Flanders","12/11/2019 7:55:56 PM","bfbe5ce7-0c65-4b4b-af26-541a55b86a9d","CO Wing Crew Chiefs"
"MailEnabledSecurityGroup","CO-001 Recruiting","CO-001 Recruiting","co-001-recruiting","co-001-recruiting@cowg.cap.gov","smtp:co-001-recruiting@COCivilAirPatrol.onmicrosoft.com;SMTP:co-001-recruiting@cowg.cap.gov","MailUniversalSecurityGroup","","False","False","False","","6/15/2026 1:53:02 PM","0995b586-c658-4f95-9fc9-a5bdde8838f4","CO-001 Recruiting"
"MailEnabledSecurityGroup","CO-004 Recruiting","CO-004 Recruiting","co-004-recruiting","co-004-recruiting@cowg.cap.gov","smtp:co-004-recruiting@COCivilAirPatrol.onmicrosoft.com;SMTP:co-004-recruiting@cowg.cap.gov","MailUniversalSecurityGroup","","False","False","False","","6/15/2026 1:53:14 PM","a1a58f2b-eff8-40f7-b45b-3979257a648a","CO-004 Recruiting"
"MailEnabledSecurityGroup","CO-007 Recruiting","CO-007 Recruiting","co-007-recruiting","co-007-recruiting@cowg.cap.gov","smtp:co-007-recruiting@COCivilAirPatrol.onmicrosoft.com;SMTP:co-007-recruiting@cowg.cap.gov","MailUniversalSecurityGroup","","False","False","False","","6/15/2026 1:53:28 PM","33ee88f0-41b0-47d2-bf53-af8014397aa0","CO-007 Recruiting"
"MailEnabledSecurityGroup","CO-015 Recruiting","CO-015 Recruiting","co-015-recruiting","co-015-recruiting@cowg.cap.gov","smtp:co-015-recruiting@COCivilAirPatrol.onmicrosoft.com;SMTP:co-015-recruiting@cowg.cap.gov","MailUniversalSecurityGroup","","False","False","False","","6/15/2026 1:53:41 PM","b14e0103-56ae-4235-a510-77289ee4fe48","CO-015 Recruiting"
"MailEnabledSecurityGroup","CO-022 Recruiting","CO-022 Recruiting","co-022-recruiting","co-022-recruiting@cowg.cap.gov","smtp:co-022-recruiting@COCivilAirPatrol.onmicrosoft.com;SMTP:co-022-recruiting@cowg.cap.gov","MailUniversalSecurityGroup","","False","False","False","","6/15/2026 1:53:57 PM","b8e5d02f-76eb-46f2-8db4-f901dea21e87","CO-022 Recruiting"
"MailEnabledSecurityGroup","CO-030 Recruiting","CO-030 Recruiting","co-030-recruiting","co-030-recruiting@cowg.cap.gov","smtp:co-030-recruiting@COCivilAirPatrol.onmicrosoft.com;SMTP:co-030-recruiting@cowg.cap.gov","MailUniversalSecurityGroup","","False","False","False","","6/15/2026 1:54:13 PM","3c154b59-8498-4d93-8706-2dbb34a9808a","CO-030 Recruiting"
"MailEnabledSecurityGroup","CO-031 Recruiting","CO-031 Recruiting","co-031-recruiting","co-031-recruiting@cowg.cap.gov","smtp:co-031-recruiting@COCivilAirPatrol.onmicrosoft.com;SMTP:co-031-recruiting@cowg.cap.gov","MailUniversalSecurityGroup","","False","False","False","","6/15/2026 1:54:33 PM","13f8a7d0-1940-4177-98f2-3db228492f88","CO-031 Recruiting"
"MailEnabledSecurityGroup","CO-053 Recruiting","CO-053 Recruiting","co-053-recruiting","co-053-recruiting@cowg.cap.gov","smtp:co-053-recruiting@COCivilAirPatrol.onmicrosoft.com;SMTP:co-053-recruiting@cowg.cap.gov","MailUniversalSecurityGroup","","False","False","False","","6/15/2026 1:54:46 PM","8fbeb890-2f2f-4c88-9db3-5ae4951f64a6","CO-053 Recruiting"
"MailEnabledSecurityGroup","CO-068 Recruiting","CO-068 Recruiting","co-068-recruiting","co-068-recruiting@cowg.cap.gov","smtp:co-068-recruiting@COCivilAirPatrol.onmicrosoft.com;SMTP:co-068-recruiting@cowg.cap.gov","MailUniversalSecurityGroup","","False","False","False","","6/15/2026 1:55:03 PM","f83244f4-07ad-4134-a2e2-a016b1bc41b2","CO-068 Recruiting"
"MailEnabledSecurityGroup","CO-072 Recruiting","CO-072 Recruiting","co-072-recruiting","co-072-recruiting@cowg.cap.gov","smtp:co-072-recruiting@COCivilAirPatrol.onmicrosoft.com;SMTP:co-072-recruiting@cowg.cap.gov","MailUniversalSecurityGroup","","False","False","False","","6/15/2026 1:55:17 PM","5cb4dc67-74a4-47ee-bcc1-c0c2b9e981f7","CO-072 Recruiting"
"MailEnabledSecurityGroup","CO-080 PPSS Finance","PPSS Finance20210702161731","PPSS_Finance","PPSS_Finance@cowg.cap.gov","smtp:PPSS_Finance@COCivilAirPatrol.onmicrosoft.com;SMTP:PPSS_Finance@cowg.cap.gov","MailUniversalSecurityGroup","","False","False","False","","7/2/2021 4:17:42 PM","97f1a7d2-18d4-43bc-81ec-a24da3f7a87a","PPSS Finance20210702161731"
"MailEnabledSecurityGroup","CO-080 Recruiting","CO-080 Recruiting","co-080-recruiting","co-080-recruiting@cowg.cap.gov","smtp:co-080-recruiting@COCivilAirPatrol.onmicrosoft.com;SMTP:co-080-recruiting@cowg.cap.gov","MailUniversalSecurityGroup","","False","False","False","","6/15/2026 1:55:31 PM","d62c863b-f1c6-4be5-8114-acab324cf992","CO-080 Recruiting"
"MailEnabledSecurityGroup","CO-098 Recruiting","CO-098 Recruiting","co-098-recruiting","co-098-recruiting@cowg.cap.gov","smtp:co-098-recruiting@COCivilAirPatrol.onmicrosoft.com;SMTP:co-098-recruiting@cowg.cap.gov","MailUniversalSecurityGroup","","False","False","False","","6/15/2026 1:55:48 PM","4137ec8e-f1b3-4e8c-a870-c052522f3680","CO-098 Recruiting"
"MailEnabledSecurityGroup","CO-099 Recruiting","CO-099 Recruiting","co-099-recruiting","co-099-recruiting@cowg.cap.gov","smtp:co-099-recruiting@COCivilAirPatrol.onmicrosoft.com;SMTP:co-099-recruiting@cowg.cap.gov","MailUniversalSecurityGroup","","False","False","False","","6/15/2026 1:55:59 PM","d003fed1-be67-4de8-8a6f-70cce4a3e5ca","CO-099 Recruiting"
"MailEnabledSecurityGroup","CO-136 Aircraft Maintenance","CO-136 Aircraft Maintenance20201217004523","rmrco136crewchief","rmrco136crewchief@cowg.cap.gov","SMTP:rmrco136crewchief@cowg.cap.gov","MailUniversalSecurityGroup","","False","False","False","Robert.Gamber","12/17/2020 12:45:25 AM","3422908d-6cb0-4741-a9f1-9eab7cf94480","CO-136 Aircraft Maintenance20201217004523"
"MailEnabledSecurityGroup","CO-136 Finance","CO-136 Finance20201217004211","rmrco136finance","rmrco136finance@cowg.cap.gov","SMTP:rmrco136finance@cowg.cap.gov","MailUniversalSecurityGroup","","False","False","False","Robert.Gamber","12/17/2020 12:42:16 AM","9a1523d6-7fa4-4d0c-95ae-e60598940646","CO-136 Finance20201217004211"
"MailEnabledSecurityGroup","CO-136 Information Technology","CO-136 Information Technology20201217004439","rmrco136it","rmrco136it@cowg.cap.gov","SMTP:rmrco136it@cowg.cap.gov","MailUniversalSecurityGroup","","False","False","False","Robert.Gamber","12/17/2020 12:44:40 AM","1a76b809-29b1-435f-9f2b-dca853f77cdc","CO-136 Information Technology20201217004439"
"MailEnabledSecurityGroup","CO-136 Recruiting","CO-136 Recruiting","co-136-recruiting","co-136-recruiting@cowg.cap.gov","smtp:co-136-recruiting@COCivilAirPatrol.onmicrosoft.com;SMTP:co-136-recruiting@cowg.cap.gov","MailUniversalSecurityGroup","","False","False","False","","6/15/2026 1:56:14 PM","b29fad35-4a96-4aa4-aaa0-15390cfca899","CO-136 Recruiting"
"MailEnabledSecurityGroup","CO-136 Recruiting and Retention","CO-136 Recruiting and Retention20201217004340","rmrco136recruiting","rmrco136recruiting@cowg.cap.gov","SMTP:rmrco136recruiting@cowg.cap.gov","MailUniversalSecurityGroup","","False","False","False","rgreenlee;Robert.Gamber","12/17/2020 12:43:42 AM","11e6a20b-ed1e-4ba1-b71c-f320a61e76b2","CO-136 Recruiting and Retention20201217004340"
"MailEnabledSecurityGroup","CO-141 Recruiting","CO-141 Recruiting","co-141-recruiting","co-141-recruiting@cowg.cap.gov","smtp:co-141-recruiting@COCivilAirPatrol.onmicrosoft.com;SMTP:co-141-recruiting@cowg.cap.gov","MailUniversalSecurityGroup","","False","False","False","","6/15/2026 1:56:32 PM","74deb3f8-3ef4-47ca-bf09-c0193de4a12d","CO-141 Recruiting"
"MailEnabledSecurityGroup","CO-143 Recruiting","CO-143 Recruiting","co-143-recruiting","co-143-recruiting@cowg.cap.gov","smtp:co-143-recruiting@COCivilAirPatrol.onmicrosoft.com;SMTP:co-143-recruiting@cowg.cap.gov","MailUniversalSecurityGroup","","False","False","False","","6/15/2026 2:02:22 PM","929d520b-7cd5-417b-b787-1e3f89700a0b","CO-143 Recruiting"
"MailEnabledSecurityGroup","CO-147 Recruiting","CO-147 Recruiting","co-147-recruiting","co-147-recruiting@cowg.cap.gov","smtp:co-147-recruiting@COCivilAirPatrol.onmicrosoft.com;SMTP:co-147-recruiting@cowg.cap.gov","MailUniversalSecurityGroup","","False","False","False","","6/15/2026 2:02:33 PM","b5190973-7c98-4026-a0a4-5c4d542bc9fc","CO-147 Recruiting"
"MailEnabledSecurityGroup","CO-148 Recruiting","CO-148 Recruiting","co-148-recruiting","co-148-recruiting@cowg.cap.gov","smtp:co-148-recruiting@COCivilAirPatrol.onmicrosoft.com;SMTP:co-148-recruiting@cowg.cap.gov","MailUniversalSecurityGroup","","False","False","False","","6/15/2026 2:02:56 PM","5d064c5c-123e-43dd-93af-703b7f51afd8","CO-148 Recruiting"
"MailEnabledSecurityGroup","CO-157 Recruiting","CO-157 Recruiting","co-157-recruiting","co-157-recruiting@cowg.cap.gov","smtp:co-157-recruiting@COCivilAirPatrol.onmicrosoft.com;SMTP:co-157-recruiting@cowg.cap.gov","MailUniversalSecurityGroup","","False","False","False","","6/15/2026 2:03:13 PM","b1ac06a1-f94b-4379-81cc-900c6cad7787","CO-157 Recruiting"
"MailEnabledSecurityGroup","CO-159 Recruiting","CO-159 Recruiting","co-159-recruiting","co-159-recruiting@cowg.cap.gov","smtp:co-159-recruiting@COCivilAirPatrol.onmicrosoft.com;SMTP:co-159-recruiting@cowg.cap.gov","MailUniversalSecurityGroup","","False","False","False","","6/15/2026 2:03:29 PM","855dbb86-7934-4ec1-9e2c-76983e76b8f0","CO-159 Recruiting"
"MailEnabledSecurityGroup","CO-162 Recruiting","CO-162 Recruiting","co-162-recruiting","co-162-recruiting@cowg.cap.gov","smtp:co-162-recruiting@COCivilAirPatrol.onmicrosoft.com;SMTP:co-162-recruiting@cowg.cap.gov","MailUniversalSecurityGroup","","False","False","False","","6/15/2026 2:03:40 PM","e76a29ae-e991-4b9b-b8aa-01bef0cef132","CO-162 Recruiting"
"MailEnabledSecurityGroup","CO-163 Recruiting","CO-163 Recruiting","co-163-recruiting","co-163-recruiting@cowg.cap.gov","smtp:co-163-recruiting@COCivilAirPatrol.onmicrosoft.com;SMTP:co-163-recruiting@cowg.cap.gov","MailUniversalSecurityGroup","","False","False","False","","6/15/2026 2:04:00 PM","9f0e29dd-0bba-4942-9e8c-8b34e51dd1b7","CO-163 Recruiting"
"MailEnabledSecurityGroup","CO-164 Recruiting","CO-164 Recruiting","co-164-recruiting","co-164-recruiting@cowg.cap.gov","smtp:co-164-recruiting@COCivilAirPatrol.onmicrosoft.com;SMTP:co-164-recruiting@cowg.cap.gov","MailUniversalSecurityGroup","","False","False","False","","6/15/2026 2:04:14 PM","e20e9091-1345-4c9a-9947-18bf31414a00","CO-164 Recruiting"
"MailEnabledSecurityGroup","CO-165 Recruiting","CO-165 Recruiting","co-165-recruiting","co-165-recruiting@cowg.cap.gov","smtp:co-165-recruiting@COCivilAirPatrol.onmicrosoft.com;SMTP:co-165-recruiting@cowg.cap.gov","MailUniversalSecurityGroup","","False","False","False","","6/15/2026 2:04:25 PM","039f2a34-fb62-47ab-80e0-9b2e3b5300fe","CO-165 Recruiting"
"MailEnabledSecurityGroup","CO-167 Recruiting","CO-167 Recruiting","co-167-recruiting","co-167-recruiting@cowg.cap.gov","smtp:co-167-recruiting@COCivilAirPatrol.onmicrosoft.com;SMTP:co-167-recruiting@cowg.cap.gov","MailUniversalSecurityGroup","","False","False","False","","6/15/2026 2:04:35 PM","44c8b781-5221-4818-9b63-b50acf573b40","CO-167 Recruiting"
"MailEnabledSecurityGroup","CO-169 Recruiting","CO-169 Recruiting","co-169-recruiting","co-169-recruiting@cowg.cap.gov","smtp:co-169-recruiting@COCivilAirPatrol.onmicrosoft.com;SMTP:co-169-recruiting@cowg.cap.gov","MailUniversalSecurityGroup","","False","False","False","","6/15/2026 2:04:51 PM","11cf6347-1298-41dd-b381-90f6645b7be1","CO-169 Recruiting"
"MailEnabledSecurityGroup","CO-173 Recruiting","CO-173 Recruiting","co-173-recruiting","co-173-recruiting@cowg.cap.gov","smtp:co-173-recruiting@COCivilAirPatrol.onmicrosoft.com;SMTP:co-173-recruiting@cowg.cap.gov","MailUniversalSecurityGroup","","False","False","False","","6/15/2026 2:05:07 PM","e31dcc30-6767-4eba-a104-6abaa966296f","CO-173 Recruiting"
"MailEnabledSecurityGroup","CO-181 Recruiting","CO-181 Recruiting","co-181-recruiting","co-181-recruiting@cowg.cap.gov","smtp:co-181-recruiting@COCivilAirPatrol.onmicrosoft.com;SMTP:co-181-recruiting@cowg.cap.gov","MailUniversalSecurityGroup","","False","False","False","","6/15/2026 2:05:19 PM","8c54e311-2728-465f-ae9a-c011456cc649","CO-181 Recruiting"
"MailEnabledSecurityGroup","CO-183 Recruiting","CO-183 Recruiting","co-183-recruiting","co-183-recruiting@cowg.cap.gov","smtp:co-183-recruiting@COCivilAirPatrol.onmicrosoft.com;SMTP:co-183-recruiting@cowg.cap.gov","MailUniversalSecurityGroup","","False","False","False","","6/15/2026 2:05:32 PM","fbde0ed6-4bed-4220-9c8c-b37b4f8d3a8e","CO-183 Recruiting"
"MailEnabledSecurityGroup","CO-186 Recruiting","CO-186 Recruiting","co-186-recruiting","co-186-recruiting@cowg.cap.gov","smtp:co-186-recruiting@COCivilAirPatrol.onmicrosoft.com;SMTP:co-186-recruiting@cowg.cap.gov","MailUniversalSecurityGroup","","False","False","False","","6/15/2026 2:05:44 PM","00a2a581-574f-461a-82a6-ae6624373aad","CO-186 Recruiting"
"MailEnabledSecurityGroup","CO-189 Recruiting","CO-189 Recruiting","co-189-recruiting","co-189-recruiting@cowg.cap.gov","smtp:co-189-recruiting@COCivilAirPatrol.onmicrosoft.com;SMTP:co-189-recruiting@cowg.cap.gov","MailUniversalSecurityGroup","","False","False","False","","6/15/2026 2:06:02 PM","322f318b-35d9-4081-9108-ecfd959c5015","CO-189 Recruiting"
"MailEnabledSecurityGroup","CO-191 Recruiting","CO-191 Recruiting","co-191-recruiting","co-191-recruiting@cowg.cap.gov","smtp:co-191-recruiting@COCivilAirPatrol.onmicrosoft.com;SMTP:co-191-recruiting@cowg.cap.gov","MailUniversalSecurityGroup","","False","False","False","","6/15/2026 2:06:17 PM","c4e5c5f3-bbee-48e9-9f31-c5a11500246e","CO-191 Recruiting"
"MailEnabledSecurityGroup","CO-805 Recruiting","CO-805 Recruiting","co-805-recruiting","co-805-recruiting@cowg.cap.gov","smtp:co-805-recruiting@COCivilAirPatrol.onmicrosoft.com;SMTP:co-805-recruiting@cowg.cap.gov","MailUniversalSecurityGroup","","False","False","False","","6/15/2026 2:06:35 PM","95517bdf-7ab9-41d7-be79-7d5176384752","CO-805 Recruiting"
"MailEnabledSecurityGroup","CO-807 Recruiting","CO-807 Recruiting","co-807-recruiting","co-807-recruiting@cowg.cap.gov","smtp:co-807-recruiting@COCivilAirPatrol.onmicrosoft.com;SMTP:co-807-recruiting@cowg.cap.gov","MailUniversalSecurityGroup","","False","False","False","","6/15/2026 2:06:51 PM","b83164ae-c353-4883-aac2-1faa5f3fd2e2","CO-807 Recruiting"
"MailEnabledSecurityGroup","COWG-calendar-editors","COWG-calendar-editors","COWG-calendar-editors","COWG-calendar-editors@COCivilAirPatrol.onmicrosoft.com","SMTP:COWG-calendar-editors@COCivilAirPatrol.onmicrosoft.com","MailUniversalSecurityGroup","","False","False","True","Mike.Schulte","2/22/2026 6:35:45 PM","af5d3b88-4a17-47ca-af50-8f650b3cc71b","COWG-calendar-editors"
"Microsoft365Group","Incident Support","incidentsupport_3ccce686-daaa-4083-9ed2-204f55e6dc0a","incidentsupport","incidentsupport@cowg.cap.gov","SPO:SPO_6d61b91b-d9f6-4141-bc05-acb489ad220d@SPO_71f5b48f-029d-4189-8fe0-052e14cec0ad;smtp:incidentsupport@COCivilAirPatrol.onmicrosoft.com;SMTP:incidentsupport@cowg.cap.gov","GroupMailbox","Public","False","False","False","Mike.Schulte;robyusko","11/25/2024 5:06:41 AM","3ccce686-daaa-4083-9ed2-204f55e6dc0a","incidentsupport_3ccce686-daaa-4083-9ed2-204f55e6dc0a"
"Microsoft365Group","Operations Flight Coordinators","OperationsFlightCoordinator_084c13fe-561d-43ef-aaa0-0e9bd43691fb","OperationsFlightCoordinators","OperationsFlightCoordinators@cowg.cap.gov","SPO:SPO_999fde66-6d95-4a02-b740-c8aa989bd6cb@SPO_71f5b48f-029d-4189-8fe0-052e14cec0ad;smtp:OperationsFlightCoordinators@COCivilAirPatrol.onmicrosoft.com;SMTP:OperationsFlightCoordinators@cowg.cap.gov","GroupMailbox","Private","False","False","True","Mike.Schulte","3/24/2026 5:09:56 PM","084c13fe-561d-43ef-aaa0-0e9bd43691fb","OperationsFlightCoordinator_084c13fe-561d-43ef-aaa0-0e9bd43691fb"
"Microsoft365Group","Orientation Flight Coordinators","OrientationFlightCoordinato_9cb7224d-e0d5-4270-9614-5343f6b20664","OrientationFlightCoordinators","OrientationFlightCoordinators@cowg.cap.gov","SPO:SPO_9209e405-0a0e-4f91-ba8a-f28c6680fb08@SPO_71f5b48f-029d-4189-8fe0-052e14cec0ad;smtp:OrientationFlightCoordinators@COCivilAirPatrol.onmicrosoft.com;SMTP:OrientationFlightCoordinators@cowg.cap.gov","GroupMailbox","Private","False","False","True","Mike.Schulte;Sanjay.Tyagi","2/12/2026 1:50:56 PM","9cb7224d-e0d5-4270-9614-5343f6b20664","OrientationFlightCoordinato_9cb7224d-e0d5-4270-9614-5343f6b20664"
"Microsoft365Group","OrientationFlights","OrientationFlights_380388b5-61e8-4d55-bfc1-a2cdb58bf759","OrientationFlights","OrientationFlights@cowg.cap.gov","SPO:SPO_388764a8-70d9-4440-8dcc-929c0729c71c@SPO_71f5b48f-029d-4189-8fe0-052e14cec0ad;smtp:OrientationFlights@COCivilAirPatrol.onmicrosoft.com;SMTP:OrientationFlights@cowg.cap.gov","GroupMailbox","Private","False","False","True","Mike.Schulte","11/19/2025 10:21:20 PM","380388b5-61e8-4d55-bfc1-a2cdb58bf759","OrientationFlights_380388b5-61e8-4d55-bfc1-a2cdb58bf759"
"Microsoft365Group","Wing Calendar Editors","WingCalendarEditors_b2ef6ae1-3e64-4e3f-bf51-afcdc22d96f5","WingCalendarEditors","WingCalendarEditors@cowg.cap.gov","SPO:SPO_1423d29d-e405-4204-96c6-fc1f8b930c6a@SPO_71f5b48f-029d-4189-8fe0-052e14cec0ad;smtp:WingCalendarEditors@COCivilAirPatrol.onmicrosoft.com;SMTP:WingCalendarEditors@cowg.cap.gov","GroupMailbox","Private","False","False","True","Mike.Schulte","3/1/2026 7:43:20 PM","b2ef6ae1-3e64-4e3f-bf51-afcdc22d96f5","WingCalendarEditors_b2ef6ae1-3e64-4e3f-bf51-afcdc22d96f5"
"Team","ADSB Feeders","ADSBFeeders_c7c74bd2-90fa-4bbb-bc27-8dde6b5f1672","ADSBFeeders","ADSBFeeders@cowg.cap.gov","SPO:SPO_7570a30b-2eee-46c4-bbcb-a76626fc1d1f@SPO_71f5b48f-029d-4189-8fe0-052e14cec0ad;smtp:ADSBFeeders@COCivilAirPatrol.onmicrosoft.com;SMTP:ADSBFeeders@cowg.cap.gov","GroupMailbox","Private","True","False","False","robyusko","12/13/2025 2:23:05 PM","c7c74bd2-90fa-4bbb-bc27-8dde6b5f1672","ADSBFeeders_c7c74bd2-90fa-4bbb-bc27-8dde6b5f1672"
"Team","CAC","cac_070429b6-ec5e-40af-9c9c-646e87169e91","cac","cac@cowg.cap.gov","SPO:SPO_7dd221e8-03a3-4775-9da8-560fc175b132@SPO_71f5b48f-029d-4189-8fe0-052e14cec0ad;smtp:cac@COCivilAirPatrol.onmicrosoft.com;SMTP:cac@cowg.cap.gov","GroupMailbox","Public","True","False","False","Kirsten.Turner","3/6/2025 3:37:02 AM","070429b6-ec5e-40af-9c9c-646e87169e91","cac_070429b6-ec5e-40af-9c9c-646e87169e91"
"Team","CO-001 Activities","cowg_wing_001_1500c258-2a8a-4d98-9856-3b405d720738","cowg_wing_001","cowg_wing_001@cowg.cap.gov","SPO:SPO_0f6cb4fa-c3f9-1ede-bdb8-f4b37eb993d9@SPO_71f5b48f-029d-4189-8fe0-052e14cec0ad;SPO:SPO_3e045e08-9df3-49b9-9d73-3accef57f566@SPO_71f5b48f-029d-4189-8fe0-052e14cec0ad;smtp:cowg_wing_001@COCivilAirPatrol.onmicrosoft.com;SMTP:cowg_wing_001@cowg.cap.gov","GroupMailbox","Public","True","False","True","MFay;robyusko","7/25/2021 2:36:31 AM","1500c258-2a8a-4d98-9856-3b405d720738","cowg_wing_001_1500c258-2a8a-4d98-9856-3b405d720738"
"Team","CO-001 COLORADO WING HQ","CO-001COLORADOWINGHQ_0fc6b828-e0ce-4d1e-bc75-4e335e7fc1cb","CO-001WingStaff","CO-001WingStaff@cowg.cap.gov","SPO:SPO_6c8ebef7-f576-cc32-4493-439a79fc7493@SPO_71f5b48f-029d-4189-8fe0-052e14cec0ad;SMTP:CO-001WingStaff@cowg.cap.gov;smtp:CO-001COLORADOWINGHQ@cowg.cap.gov;SPO:SPO_1f2b30da-74c3-4a58-956d-82b8a2b4fa61@SPO_71f5b48f-029d-4189-8fe0-052e14cec0ad;smtp:CO-001COLORADOWINGHQ@COCivilAirPatrol.onmicrosoft.com","GroupMailbox","Private","True","True","True","robyusko;74e08497-9115-4d50-909e-763a8d575772;eec632e0-3f5c-4bcd-8c73-b8af0dde36b8;Mike.Schulte","3/15/2025 1:53:59 AM","0fc6b828-e0ce-4d1e-bc75-4e335e7fc1cb","CO-001COLORADOWINGHQ_0fc6b828-e0ce-4d1e-bc75-4e335e7fc1cb"
"Team","CO-001 Staff","CO-001Staff_4ea99e49-088a-4996-8dd5-966b6ca408c7","CO-001Staff","CO-001Staff@cowg.cap.gov","SPO:SPO_adfad5c0-57f8-4d34-f454-d55bc0f20b5a@SPO_71f5b48f-029d-4189-8fe0-052e14cec0ad;SPO:SPO_32112bd2-a4f1-49be-b920-6db096f759d5@SPO_71f5b48f-029d-4189-8fe0-052e14cec0ad;smtp:CO-001Staff@COCivilAirPatrol.onmicrosoft.com;SMTP:CO-001Staff@cowg.cap.gov","GroupMailbox","Private","True","False","True","robyusko;MFay;Mike.Schulte","10/11/2023 3:56:16 PM","4ea99e49-088a-4996-8dd5-966b6ca408c7","CO-001Staff_4ea99e49-088a-4996-8dd5-966b6ca408c7"
"Team","CO-022 Vance Brand Cadet","msteams_f5bc0f_ec837767-c4ea-4ce7-b0df-6052fb68c278","CO-022VBCS","CO-022VBCS@cowg.cap.gov","SPO:SPO_64361a64-fb11-7e7c-2842-20949a9cc265@SPO_71f5b48f-029d-4189-8fe0-052e14cec0ad;SPO:SPO_81d6d6ec-5c19-9cc9-6a55-04a42fa7b8ae@SPO_71f5b48f-029d-4189-8fe0-052e14cec0ad;SMTP:CO-022VBCS@cowg.cap.gov;smtp:msteams_f5bc0f@cowg.cap.gov;SPO:SPO_5eedd885-ee76-44a9-b7be-25b40a98b989@SPO_71f5b48f-029d-4189-8fe0-052e14cec0ad;smtp:msteams_f5bc0f@COCivilAirPatrol.onmicrosoft.com","GroupMailbox","Private","True","True","True","Joseph.Stanford;e87e58f1-1a1e-4145-8457-7900ba8a4465","4/1/2020 8:25:06 PM","ec837767-c4ea-4ce7-b0df-6052fb68c278","msteams_f5bc0f_ec837767-c4ea-4ce7-b0df-6052fb68c278"
"Team","CO-030 WolfPack","CO-60WolfPack_9c092d95-cf52-4396-add5-cd149a069a42","CO-30Wolfpack","CO30WolfPack@cowg.cap.gov","smtp:CO30WolfPack@COCivilAirPatrol.onmicrosoft.com;SMTP:CO30WolfPack@cowg.cap.gov;SPO:SPO_54b6f1c9-3640-4376-bcda-d7cbb0c57c0e@SPO_71f5b48f-029d-4189-8fe0-052e14cec0ad","GroupMailbox","Private","True","True","True","Isaac.Stone;Daniel.Cochran;William.Blatchley","2/5/2020 9:57:02 PM","9c092d95-cf52-4396-add5-cd149a069a42","CO-60WolfPack_9c092d95-cf52-4396-add5-cd149a069a42"
"Team","CO-053 Eagle county Composite","CO-053EaglecountyComposite_b4057325-b373-454d-9771-ffed057473cc","CO-053ECCS","CO-053ECCS@cowg.cap.gov","SMTP:CO-053ECCS@cowg.cap.gov;smtp:CO-053EaglecountyComposite@cowg.cap.gov;SPO:SPO_b699254d-99cd-46e6-81f0-45a2a8d082c7@SPO_71f5b48f-029d-4189-8fe0-052e14cec0ad;smtp:CO-053EaglecountyComposite@COCivilAirPatrol.onmicrosoft.com","GroupMailbox","Private","True","False","True","Alexander.Santiago;b42f1321-9423-48bf-b5e8-e40ec9f50293;Robert.Cook","4/1/2020 3:04:18 AM","b4057325-b373-454d-9771-ffed057473cc","CO-053EaglecountyComposite_b4057325-b373-454d-9771-ffed057473cc"
"Team","CO-068 NORTH VALLEY COMPOSITE SQDN TEAM","CO-068NORTHVALLEYCOMPOSITES_50b4a1e1-bf2c-4b5d-a589-f663ba40b2dd","CO068","CO068@cowg.cap.gov","smtp:NorthValleyCompositeSqdn@cowg.cap.gov;smtp:CO-068NORTHVALLEYCOMPOSITESQDN@cowg.cap.gov;SMTP:CO068@cowg.cap.gov;SPO:SPO_fba5ddeb-b23a-4a7e-9840-9324d182d3ab@SPO_71f5b48f-029d-4189-8fe0-052e14cec0ad;smtp:CO-068NORTHVALLEYCOMPOSITESQDN@COCivilAirPatrol.onmicrosoft.com","GroupMailbox","Private","True","True","True","Kenyon.Reid;Mike.Schulte","3/15/2025 4:02:29 AM","50b4a1e1-bf2c-4b5d-a589-f663ba40b2dd","CO-068NORTHVALLEYCOMPOSITES_50b4a1e1-bf2c-4b5d-a589-f663ba40b2dd"
"Team","CO-072 Boulder Composite","CO-072_4293db64-7732-4497-9c7c-514810e93456","CO-072BCS","CO-072BCS@cowg.cap.gov","SMTP:CO-072BCS@cowg.cap.gov;SPO:SPO_d2441e45-247e-4a1a-b3a8-0ad4c68a949f@SPO_71f5b48f-029d-4189-8fe0-052e14cec0ad;smtp:CO-072@COCivilAirPatrol.onmicrosoft.com","GroupMailbox","Private","True","True","True","Daniel.Kubitschek;Stephen.Voida","2/20/2020 8:46:19 PM","4293db64-7732-4497-9c7c-514810e93456","CO-072_4293db64-7732-4497-9c7c-514810e93456"
"Team","CO-080 Pikes Peak Composite Squadron","CO-080PikesPeakSrSquadron_2db32e71-ae87-45de-a617-94b2f0434f7f","CO-080PPCS","CO-080PPCS@cowg.cap.gov","SPO:SPO_b6113bd5-faab-f529-3dfc-74665f75ac4e@SPO_71f5b48f-029d-4189-8fe0-052e14cec0ad;SMTP:CO-080PPCS@cowg.cap.gov;smtp:CO-080@COCivilAirPatrol.onmicrosoft.com;SPO:SPO_8cdd14fc-fbd1-426f-930a-a814d127ec79@SPO_71f5b48f-029d-4189-8fe0-052e14cec0ad","GroupMailbox","Private","True","False","False","c1388ce1-04bf-4889-b66f-d90d64860137;Anya.Myers","1/19/2021 4:18:07 PM","2db32e71-ae87-45de-a617-94b2f0434f7f","CO-080PikesPeakSrSquadron_2db32e71-ae87-45de-a617-94b2f0434f7f"
"Team","CO-099 Broomfield Composite Squadron","CO-099_678d2330-0504-45bd-8b6c-077ae03f91f6","CO-099BCS","CO-099BCS@cowg.cap.gov","SPO:SPO_a87178a2-b46f-dc26-0cfb-499dc96887e7@SPO_71f5b48f-029d-4189-8fe0-052e14cec0ad;SMTP:CO-099BCS@cowg.cap.gov;SPO:SPO_955a9cb2-4292-4be3-8c27-0e1101e676f2@SPO_71f5b48f-029d-4189-8fe0-052e14cec0ad;smtp:CO-099@COCivilAirPatrol.onmicrosoft.com","GroupMailbox","Private","True","True","True","Mark.Ringer;75577461-6d7a-448a-a960-5e98d109527d;5e10623f-78a8-444a-9cc8-efb641fdf249;robyusko","3/26/2020 2:17:24 PM","678d2330-0504-45bd-8b6c-077ae03f91f6","CO-099_678d2330-0504-45bd-8b6c-077ae03f91f6"
"Team","co-099 Commanders","co-099_commanders_e67e24e7-f7c3-4864-b268-0abb26f29fab","co-099_commanders","co-099_commanders@cowg.cap.gov","SPO:SPO_1ea6da3e-7fcb-9cee-ef7c-1c225590a8bf@SPO_71f5b48f-029d-4189-8fe0-052e14cec0ad;SPO:SPO_6e899fe5-2deb-473b-8341-291bfa40c27a@SPO_71f5b48f-029d-4189-8fe0-052e14cec0ad;smtp:co-099_commanders@COCivilAirPatrol.onmicrosoft.com;SMTP:co-099_commanders@cowg.cap.gov","GroupMailbox","Private","True","False","False","5e10623f-78a8-444a-9cc8-efb641fdf249","1/20/2025 4:34:58 PM","e67e24e7-f7c3-4864-b268-0abb26f29fab","co-099_commanders_e67e24e7-f7c3-4864-b268-0abb26f29fab"
"Team","CO-136 Flight Simulator","co-136_FlightSimulator_ba53d33d-e273-499f-8068-88824cab4d31","co-136_FlightSimulator","co-136_FlightSimulator@cowg.cap.gov","SPO:SPO_b73aa1a3-c5c2-452b-854e-ea4232404132@SPO_71f5b48f-029d-4189-8fe0-052e14cec0ad;smtp:co-136_FlightSimulator@COCivilAirPatrol.onmicrosoft.com;SMTP:co-136_FlightSimulator@cowg.cap.gov","GroupMailbox","Private","True","False","True","Robert.Gamber;Randall.Settergren","1/21/2025 4:54:51 PM","ba53d33d-e273-499f-8068-88824cab4d31","co-136_FlightSimulator_ba53d33d-e273-499f-8068-88824cab4d31"
"Team","CO-136 Jefferson County Senior Squadron","CO-136JEFFERSONCOUNTYSENIOR_6ca90b15-e7b6-467f-b06e-227f745f24f8","CO-136JCSS","CO-136JCSS@cowg.cap.gov","SPO:SPO_6dbc3ad6-7a99-f3bd-3563-a91141bcb3db@SPO_71f5b48f-029d-4189-8fe0-052e14cec0ad;SPO:SPO_56ae441e-2fe4-212a-750a-ac21e5abd816@SPO_71f5b48f-029d-4189-8fe0-052e14cec0ad;SMTP:CO-136JCSS@cowg.cap.gov;smtp:CO-136JEFFERSONCOUNTYSENIORSQDN@cowg.cap.gov;SPO:SPO_7b17de11-1128-455e-9242-faa1d6831493@SPO_71f5b48f-029d-4189-8fe0-052e14cec0ad;smtp:CO-136JEFFERSONCOUNTYSENIORSQDN@COCivilAirPatrol.onmicrosoft.com","GroupMailbox","Private","True","True","True","Robert.Gamber;Donald.Woodyard;Michael.Boehm;Bernard.Morosco;Mike.Schulte","4/1/2020 3:41:02 AM","6ca90b15-e7b6-467f-b06e-227f745f24f8","CO-136JEFFERSONCOUNTYSENIOR_6ca90b15-e7b6-467f-b06e-227f745f24f8"
"Team","CO-141 Montrose Senior Squadron","CO-141MontroseComposite_c6003b6b-97f2-4d8a-a387-4b112614d920","co-141MCS","co-141MCS@cowg.cap.gov","SMTP:co-141MCS@cowg.cap.gov;SPO:SPO_4232b536-f851-4e11-ad9d-ad039a03aa6d@SPO_71f5b48f-029d-4189-8fe0-052e14cec0ad;smtp:CO-141MontroseComposite@cowg.cap.gov;smtp:CO-141MontroseComposite@COCivilAirPatrol.onmicrosoft.com","GroupMailbox","Private","True","False","True","James.Pitkin;Mike.Schulte","4/1/2020 3:03:37 AM","c6003b6b-97f2-4d8a-a387-4b112614d920","CO-141MontroseComposite_c6003b6b-97f2-4d8a-a387-4b112614d920"
"Team","CO-143 Mile High Cadet","msteams_3265d2_216ef09c-52f6-40b3-8a00-7f5b77feb0fd","CO-143MHCS","CO-143MHCS@cowg.cap.gov","SPO:SPO_b6233d39-f72e-124d-d8ac-4f7a6ccf97be@SPO_71f5b48f-029d-4189-8fe0-052e14cec0ad;SMTP:CO-143MHCS@cowg.cap.gov;smtp:msteams_3265d2@cowg.cap.gov;SPO:SPO_24211974-6d21-42d1-9d3d-e6b6b79954ee@SPO_71f5b48f-029d-4189-8fe0-052e14cec0ad;smtp:msteams_3265d2@COCivilAirPatrol.onmicrosoft.com","GroupMailbox","Private","True","True","True","Elaine.Stewart;Hunter.Klein","4/1/2020 8:27:38 PM","216ef09c-52f6-40b3-8a00-7f5b77feb0fd","msteams_3265d2_216ef09c-52f6-40b3-8a00-7f5b77feb0fd"
"Team","CO-147 Cadet Programs","CO-147_CadetPrograms_70ae1972-11cc-4ab8-bc79-92a5150b71b6","CO-147_CadetPrograms","CO-147_CadetPrograms@cowg.cap.gov","SPO:SPO_ae825e96-b6fd-48c3-ac29-7b5ce565e462@SPO_71f5b48f-029d-4189-8fe0-052e14cec0ad;smtp:CO-147_CadetPrograms@COCivilAirPatrol.onmicrosoft.com;SMTP:CO-147_CadetPrograms@cowg.cap.gov","GroupMailbox","Private","True","False","False","Hunter.Klein;69deb592-9995-4dba-8aa8-7777571f77a3","4/22/2026 4:11:42 PM","70ae1972-11cc-4ab8-bc79-92a5150b71b6","CO-147_CadetPrograms_70ae1972-11cc-4ab8-bc79-92a5150b71b6"
"Team","CO-147 Thompson Valley Composite","msteams_f54bf9_7e55e979-7903-40a4-9a51-675bcb143967","CO-147TVCS","CO-147TVCS@cowg.cap.gov","SPO:SPO_33d17d09-d873-8495-984b-cbd16b87e766@SPO_71f5b48f-029d-4189-8fe0-052e14cec0ad;SPO:SPO_6d98b91a-e6c0-d851-7ccd-161560104308@SPO_71f5b48f-029d-4189-8fe0-052e14cec0ad;SMTP:CO-147TVCS@cowg.cap.gov;smtp:msteams_f54bf9@cowg.cap.gov;SPO:SPO_cbf9588e-0d2e-4e37-abb8-fcb263a11279@SPO_71f5b48f-029d-4189-8fe0-052e14cec0ad;smtp:msteams_f54bf9@COCivilAirPatrol.onmicrosoft.com","GroupMailbox","Private","True","False","False","Thurston.Hanley;52830fbe-137c-4839-b11b-78d799927cbc;fc46462e-8855-4945-ab91-a7989a81f110;Hunter.Klein","4/1/2020 8:56:10 PM","7e55e979-7903-40a4-9a51-675bcb143967","msteams_f54bf9_7e55e979-7903-40a4-9a51-675bcb143967"
"Team","CO-148 Mustang Squadron","CO-148_46dd3bb2-90bf-48d1-b6a3-74653e05a6bc","CO-148MCS","CO-148MCS@cowg.cap.gov","SPO:SPO_25a7612b-0082-9756-2eca-81548f39947f@SPO_71f5b48f-029d-4189-8fe0-052e14cec0ad;SMTP:CO-148MCS@cowg.cap.gov;SPO:SPO_fac0476e-c2de-4b0e-ac3e-dc512af5e9ed@SPO_71f5b48f-029d-4189-8fe0-052e14cec0ad;smtp:CO-148@COCivilAirPatrol.onmicrosoft.com","GroupMailbox","Private","True","True","True","Jason.Chen;3fcfc328-4726-4f53-bf4b-3cec5a2e51bb;170c2901-63ac-4f04-a761-d8cfd63e7fdc;kyle.stielow;Helen.Gray;Trevor.Munson;Thomas.Jacobs;Dbolles;robyusko","3/16/2020 4:01:28 PM","46dd3bb2-90bf-48d1-b6a3-74653e05a6bc","CO-148_46dd3bb2-90bf-48d1-b6a3-74653e05a6bc"
"Team","CO-157  Castle Rock Cadet Squadron","CO-157-DOUGLAS_214a66ba-b6c8-4449-99d9-96880ee8257f","CO-157-DOUGLAS","CO-157CRCS@COWG.CAP.GOV","SPO:SPO_b12e992b-656c-68e7-39f7-2e7ba4a5dbca@SPO_71f5b48f-029d-4189-8fe0-052e14cec0ad;SMTP:CO-157CRCS@COWG.CAP.GOV;smtp:CO-157-DOUGLAS@cowg.cap.gov;SPO:SPO_0263374b-d4c4-43e6-96ce-e305ec888f64@SPO_71f5b48f-029d-4189-8fe0-052e14cec0ad;smtp:CO-157-DOUGLAS@COCivilAirPatrol.onmicrosoft.com","GroupMailbox","Private","True","False","True","joshua.savitt;04e1b87b-54c9-4613-b01a-5e7bed69a6dc","3/22/2020 12:35:29 AM","214a66ba-b6c8-4449-99d9-96880ee8257f","CO-157-DOUGLAS_214a66ba-b6c8-4449-99d9-96880ee8257f"
"Team","CO-159 Air Academy","RMR-CO-159AirAcademy_eeb3ac1d-da70-4e5f-b332-ba30da5326aa","CO-159AACS","CO-159AACS@cowg.cap.gov","SPO:SPO_ef8b7d42-02a1-c0ba-3769-e20ea9b19e9e@SPO_71f5b48f-029d-4189-8fe0-052e14cec0ad;SMTP:CO-159AACS@cowg.cap.gov;smtp:RMR-CO-159AirAcademy@cowg.cap.gov;SPO:SPO_0d9b7046-1a0d-4467-8dea-75a1a4559e74@SPO_71f5b48f-029d-4189-8fe0-052e14cec0ad;smtp:RMR-CO-159AirAcademy@COCivilAirPatrol.onmicrosoft.com","GroupMailbox","Private","True","True","True","Christina.Jones;Jami.Everett;carlosmena;Mike.Schulte","3/16/2020 2:05:27 AM","eeb3ac1d-da70-4e5f-b332-ba30da5326aa","RMR-CO-159AirAcademy_eeb3ac1d-da70-4e5f-b332-ba30da5326aa"
"Team","CO-159 AIR ACADEMY CADET SQUADRON TEAM","CO-159AIRACADEMYCADETSQUADR_0eda61c0-e409-40d8-ae88-603cfbcf038c","CO159","CO159@cowg.cap.gov","smtp:AirAcademyCadetSquadron@cowg.cap.gov;smtp:CO-159AIRACADEMYCADETSQUADRON@cowg.cap.gov;SMTP:CO159@cowg.cap.gov;SPO:SPO_7c356b40-2e48-4dac-ab50-a25a5501dbd7@SPO_71f5b48f-029d-4189-8fe0-052e14cec0ad;smtp:CO-159AIRACADEMYCADETSQUADRON@COCivilAirPatrol.onmicrosoft.com","GroupMailbox","Private","True","True","True","carlosmena;Mike.Schulte","3/20/2025 2:40:33 PM","0eda61c0-e409-40d8-ae88-603cfbcf038c","CO-159AIRACADEMYCADETSQUADR_0eda61c0-e409-40d8-ae88-603cfbcf038c"
"Team","CO-162 Black Sheep Senior Squadron","CO-162Team_8abdd1d1-4377-4290-bb1e-9083d8974942","CO-162Team","CO-162Team@cowg.cap.gov","SPO:SPO_09422070-1216-4dc0-9292-06504edbd33d@SPO_71f5b48f-029d-4189-8fe0-052e14cec0ad;smtp:CO-162Team@COCivilAirPatrol.onmicrosoft.com;SMTP:CO-162Team@cowg.cap.gov","GroupMailbox","Public","True","False","True","f8d92ac9-21d7-4e81-9a99-a18f7f704d9c;Mike.Schulte","11/1/2025 3:39:33 PM","8abdd1d1-4377-4290-bb1e-9083d8974942","CO-162Team_8abdd1d1-4377-4290-bb1e-9083d8974942"
"Team","CO-162 Blacksheep Staff","BlacksheepStaff_c67c8903-14ec-4e31-a40d-d6d157c5b06b","BlackSheepStaff","blacksheepstaff@cowg.cap.gov","SPO:SPO_01d30fde-d353-f2c6-54d7-cde00a802327@SPO_71f5b48f-029d-4189-8fe0-052e14cec0ad;SMTP:blacksheepstaff@cowg.cap.gov;SPO:SPO_05184aad-609c-48aa-8601-b7b887882fc1@SPO_71f5b48f-029d-4189-8fe0-052e14cec0ad;smtp:BlacksheepStaff0eb@COCivilAirPatrol.onmicrosoft.com","GroupMailbox","Private","True","False","False","Mike.Schulte;f8d92ac9-21d7-4e81-9a99-a18f7f704d9c;Dennis.Erskine;rgreenlee","3/9/2018 11:52:43 AM","c67c8903-14ec-4e31-a40d-d6d157c5b06b","BlacksheepStaff_c67c8903-14ec-4e31-a40d-d6d157c5b06b"
"Team","CO-163 HIGHLANDER COMPOSITE SQUADRON TEAM","CO-163Highlander_937353a5-4d29-4861-b9ec-d1308bc36283","CO-163HCS","CO-163HCS@cowg.cap.gov","SPO:SPO_c259c9f7-5e9d-5ccd-92e5-531e9e866db0@SPO_71f5b48f-029d-4189-8fe0-052e14cec0ad;SMTP:CO-163HCS@cowg.cap.gov;smtp:HighlanderCompositeSquadron@cowg.cap.gov;smtp:Group4Headquarters@cowg.cap.gov;smtp:CO-163Highlander@capblacksheep.org;SPO:SPO_1df8e618-1228-4d1d-a909-adc89040a7e4@SPO_71f5b48f-029d-4189-8fe0-052e14cec0ad;smtp:CO-163Highlander@COCivilAirPatrol.onmicrosoft.com","GroupMailbox","Private","True","False","True","eec632e0-3f5c-4bcd-8c73-b8af0dde36b8;jtombre_tombre.us#EXT#;Tamara.Clements;Mark.Borchelt;Mike.Schulte","3/17/2020 2:08:36 PM","937353a5-4d29-4861-b9ec-d1308bc36283","CO-163Highlander_937353a5-4d29-4861-b9ec-d1308bc36283"
"Team","CO-164 GROUP 4 HEADQUARTERS TEAM","CO-164GROUP4HEADQUARTERS_b4017b54-d238-42e5-9547-1257d89e030d","CO164","CO164@cowg.cap.gov","smtp:CO-164GROUP4HEADQUARTERS@cowg.cap.gov;SMTP:CO164@cowg.cap.gov;SPO:SPO_13250eb1-4369-4888-90c7-98aeab09a3d9@SPO_71f5b48f-029d-4189-8fe0-052e14cec0ad;smtp:CO-164GROUP4HEADQUARTERS@COCivilAirPatrol.onmicrosoft.com","GroupMailbox","Private","True","True","True","CSellers;Mike.Schulte","3/15/2025 4:03:17 AM","b4017b54-d238-42e5-9547-1257d89e030d","CO-164GROUP4HEADQUARTERS_b4017b54-d238-42e5-9547-1257d89e030d"
"Team","CO-164 Group 4 Hq","CO-164_92513724-c7dd-4a60-81df-7f79d1a933c0","CO-164","CO-164@cowg.cap.gov","SPO:SPO_e0df2bda-4b9c-bfa7-0f2c-488eb2d38e2d@SPO_71f5b48f-029d-4189-8fe0-052e14cec0ad;SPO:SPO_2d6995e1-f6fd-4a27-b514-244f877568b5@SPO_71f5b48f-029d-4189-8fe0-052e14cec0ad;smtp:CO-164@COCivilAirPatrol.onmicrosoft.com;SMTP:CO-164@cowg.cap.gov","GroupMailbox","Private","True","True","True","CSellers;Dbolles","3/25/2020 12:28:17 AM","92513724-c7dd-4a60-81df-7f79d1a933c0","CO-164_92513724-c7dd-4a60-81df-7f79d1a933c0"
"Team","CO-165 GROUP 3 HEADQUARTERS TEAM","CO-165GROUP3HEADQUARTERS_7d10428c-6e0f-4839-b05b-12603887acfc","CO165","CO165@cowg.cap.gov","smtp:Group3Headquarters@cowg.cap.gov;smtp:CO-165GROUP3HEADQUARTERS@cowg.cap.gov;SMTP:CO165@cowg.cap.gov;SPO:SPO_0d16e9ef-3856-4258-aafe-20d2ea3a12b3@SPO_71f5b48f-029d-4189-8fe0-052e14cec0ad;smtp:CO-165GROUP3HEADQUARTERS@COCivilAirPatrol.onmicrosoft.com","GroupMailbox","Private","True","True","True","01905bed-c808-494f-9bab-2da125ae91a7;Mike.Schulte","3/20/2025 2:40:37 PM","7d10428c-6e0f-4839-b05b-12603887acfc","CO-165GROUP3HEADQUARTERS_7d10428c-6e0f-4839-b05b-12603887acfc"
"Team","CO-165 Group 3 Hq","msteams_2f4fa4_3781506f-aacb-44ab-ad77-e4f57b6e6fcf","msteams_2f4fa4","CO-165@cowg.cap.gov","SPO:SPO_3d057f90-4ea6-5ab8-4ff2-97aeb741ce8d@SPO_71f5b48f-029d-4189-8fe0-052e14cec0ad;smtp:msteams_2f4fa4@cowg.cap.gov;SMTP:CO-165@cowg.cap.gov;SPO:SPO_2061c1f2-8fd0-4ae9-b8f8-26b950a80250@SPO_71f5b48f-029d-4189-8fe0-052e14cec0ad;smtp:msteams_2f4fa4@COCivilAirPatrol.onmicrosoft.com","GroupMailbox","Private","True","True","True","Christina.Jones;01905bed-c808-494f-9bab-2da125ae91a7;Donna.Fay;MFay","4/1/2020 4:16:10 PM","3781506f-aacb-44ab-ad77-e4f57b6e6fcf","msteams_2f4fa4_3781506f-aacb-44ab-ad77-e4f57b6e6fcf"
"Team","CO-167 GROUP 1 HEADQUARTERS TEAM","CO-167GROUP1HEADQUARTERS_88de7b89-6bd3-4c47-acc0-d298a6f66858","CO167","CO167@cowg.cap.gov","smtp:Group1Headquarters@cowg.cap.gov;SPO:SPO_d899cc1e-130f-4382-9888-b90095ffa942@SPO_71f5b48f-029d-4189-8fe0-052e14cec0ad;smtp:CO-167GROUP1HEADQUARTERS@cowg.cap.gov;SMTP:CO167@cowg.cap.gov;smtp:CO-167GROUP1HEADQUARTERS@COCivilAirPatrol.onmicrosoft.com","GroupMailbox","Private","True","True","True","RMaher;Mike.Schulte","3/20/2025 2:40:51 PM","88de7b89-6bd3-4c47-acc0-d298a6f66858","CO-167GROUP1HEADQUARTERS_88de7b89-6bd3-4c47-acc0-d298a6f66858"
"Team","CO-169 Group 2 Hq","Group2Headquarters_a2ccbd27-2fa7-482d-b3b3-f9b52abf4891","Group2Headquarters","Group2Headquarters@cowg.cap.gov","SPO:SPO_5eeed488-a8fb-4ff3-872a-f872eef57520@SPO_71f5b48f-029d-4189-8fe0-052e14cec0ad;smtp:Group2Headquarters@COCivilAirPatrol.onmicrosoft.com;SMTP:Group2Headquarters@cowg.cap.gov","GroupMailbox","Private","True","True","True","Joel.Paine","4/1/2020 3:07:44 AM","a2ccbd27-2fa7-482d-b3b3-f9b52abf4891","Group2Headquarters_a2ccbd27-2fa7-482d-b3b3-f9b52abf4891"
"Team","CO-173 Raptors","CO-173Raptors_d2600935-7b47-4dbc-aaa7-7f0a59346120","CO-173Raptors","CO-173Raptors@cowg.cap.gov","SPO:SPO_43fc2d2b-1aa5-63aa-91dd-4e9cc4031852@SPO_71f5b48f-029d-4189-8fe0-052e14cec0ad;SPO:SPO_f73e451c-e145-4b3d-9dc6-12cda9fae9f9@SPO_71f5b48f-029d-4189-8fe0-052e14cec0ad;smtp:CO-173Raptors@COCivilAirPatrol.onmicrosoft.com;SMTP:CO-173Raptors@cowg.cap.gov","GroupMailbox","Public","True","False","True","dfceca20-698f-4472-a611-b4b0bdd2fe11;799d9c5a-18ef-49a7-bf4e-ba3644c8942d;15aa5fa6-e909-4f23-a322-7539399b05a3","8/25/2025 10:17:53 PM","d2600935-7b47-4dbc-aaa7-7f0a59346120","CO-173Raptors_d2600935-7b47-4dbc-aaa7-7f0a59346120"
"Team","CO-181 Steamboat Springs Composite Squadron","CO-181_01b2851b-142e-4a34-ba5b-11ead52675a9","co-181SSCS","co-181SSCS@cowg.cap.gov","SMTP:co-181SSCS@cowg.cap.gov;SPO:SPO_f147230c-af0a-407b-b8c4-1248994d7abe@SPO_71f5b48f-029d-4189-8fe0-052e14cec0ad;smtp:CO-181@COCivilAirPatrol.onmicrosoft.com","GroupMailbox","Private","True","False","True","25699efb-e17a-4acf-8827-bd1f23098033","3/16/2020 4:19:49 PM","01b2851b-142e-4a34-ba5b-11ead52675a9","CO-181_01b2851b-142e-4a34-ba5b-11ead52675a9"
"Team","CO-183 Valkyrie Cadet","msteams_91ec81_454508e4-fdae-48bb-9f3e-466170efcc8c","CO-183VCS","CO-183VCS@cowg.cap.gov","SPO:SPO_ee2d502f-4152-ffc0-b528-174f0e5c6871@SPO_71f5b48f-029d-4189-8fe0-052e14cec0ad;SMTP:CO-183VCS@cowg.cap.gov;smtp:msteams_91ec81@cowg.cap.gov;SPO:SPO_9d28e9f9-1b6a-4bcf-b5b4-8271c4e67c4c@SPO_71f5b48f-029d-4189-8fe0-052e14cec0ad;smtp:msteams_91ec81@COCivilAirPatrol.onmicrosoft.com","GroupMailbox","Private","True","True","True","David.Pershing;229ca750-34be-45bf-9169-d4ff3ccfb9cc;2a44c780-c835-49a3-bcac-766e39b56f5d;kyle.stielow;VickiBluma.Olesky;Trevor.Munson;Jeff.Caldwell","4/1/2020 8:28:05 PM","454508e4-fdae-48bb-9f3e-466170efcc8c","msteams_91ec81_454508e4-fdae-48bb-9f3e-466170efcc8c"
"Team","CO-183 VALKYRIE CADET SQDN TEAM","CO-183VALKYRIECADETSQDN_33726f58-24a0-4b4d-8aa9-d1dab399be64","CO183","CO183@cowg.cap.gov","smtp:ValkyrieCadetSqdn@cowg.cap.gov;smtp:CO-183VALKYRIECADETSQDN@cowg.cap.gov;SMTP:CO183@cowg.cap.gov;SPO:SPO_a3d4120b-b2c6-4f07-94fc-f00828866fc4@SPO_71f5b48f-029d-4189-8fe0-052e14cec0ad;smtp:CO-183VALKYRIECADETSQDN@COCivilAirPatrol.onmicrosoft.com","GroupMailbox","Private","True","True","True","Trevor.Munson;Mike.Schulte","3/15/2025 4:03:34 AM","33726f58-24a0-4b4d-8aa9-d1dab399be64","CO-183VALKYRIECADETSQDN_33726f58-24a0-4b4d-8aa9-d1dab399be64"
"Team","CO-186 Dakota Ridge Composite","msteams_084ca4_5b72febe-a21d-4801-9f96-c587d2c80f53","CO-186DRCS","CO-186DRCS@cowg.cap.gov","SPO:SPO_6d3444eb-0489-fccc-88ba-848dc44a2adc@SPO_71f5b48f-029d-4189-8fe0-052e14cec0ad;SMTP:CO-186DRCS@cowg.cap.gov;smtp:msteams_084ca4@cowg.cap.gov;SPO:SPO_0c669415-8ad6-409d-a7ee-8e010521c6f0@SPO_71f5b48f-029d-4189-8fe0-052e14cec0ad;smtp:msteams_084ca4@COCivilAirPatrol.onmicrosoft.com","GroupMailbox","Private","True","True","True","CSellers;Kirsten.Turner","4/1/2020 8:28:44 PM","5b72febe-a21d-4801-9f96-c587d2c80f53","msteams_084ca4_5b72febe-a21d-4801-9f96-c587d2c80f53"
"Team","CO-189 Mesa Verde Composite","CO-189MesaVerdeComposite_dfc3e568-32e8-4f5b-a7d3-81ce8967d8f2","co-189MVCS","co-189MVCS@cowg.cap.gov","SMTP:co-189MVCS@cowg.cap.gov;smtp:CO-189MesaVerdeComposite@cowg.cap.gov;SPO:SPO_6363540f-c07d-43c2-9280-33dc3a4689ca@SPO_71f5b48f-029d-4189-8fe0-052e14cec0ad;smtp:CO-189MesaVerdeComposite@COCivilAirPatrol.onmicrosoft.com","GroupMailbox","Private","True","False","True","493d10ba-8b93-468f-8199-11e5780c5016;Rodney.Holton","4/1/2020 3:04:52 AM","dfc3e568-32e8-4f5b-a7d3-81ce8967d8f2","CO-189MesaVerdeComposite_dfc3e568-32e8-4f5b-a7d3-81ce8967d8f2"
"Team","CO-191 PLATTE VALLEY CADET SQUADRON TEAM","CO-191PLATTEVALLEYCADETSQUA_a3b39fe5-8055-4b6a-b316-cb3656b6ec68","CO191","CO191@cowg.cap.gov","smtp:PlatteValleyCadetSquadron@cowg.cap.gov;smtp:CO-191PLATTEVALLEYCADETSQUADRON@cowg.cap.gov;SMTP:CO191@cowg.cap.gov;SPO:SPO_5051c816-9658-46c3-a273-5785ff5ea408@SPO_71f5b48f-029d-4189-8fe0-052e14cec0ad;smtp:CO-191PLATTEVALLEYCADETSQUADRON@COCivilAirPatrol.onmicrosoft.com","GroupMailbox","Private","True","True","True","Philip.Mitchell;Mike.Schulte","3/15/2025 4:03:46 AM","a3b39fe5-8055-4b6a-b316-cb3656b6ec68","CO-191PLATTEVALLEYCADETSQUA_a3b39fe5-8055-4b6a-b316-cb3656b6ec68"
"Team","COWG CAC","COWGCAC_71e6848e-3f30-4e44-aef6-cc49ea4dd4ca","COWGCAC","COWGCAC@cowg.cap.gov","SPO:SPO_4ff2bf33-cfb0-3e68-46e7-4efa8ad8d86a@SPO_71f5b48f-029d-4189-8fe0-052e14cec0ad;SPO:SPO_b75fb471-7e47-4d0f-a9d4-f766ca9ebcd3@SPO_71f5b48f-029d-4189-8fe0-052e14cec0ad;smtp:COWGCAC@COCivilAirPatrol.onmicrosoft.com;SMTP:COWGCAC@cowg.cap.gov","GroupMailbox","Private","True","False","False","Kirsten.Turner;6a23c518-8e55-4994-8e43-f336dc899364","4/11/2020 10:57:01 PM","71e6848e-3f30-4e44-aef6-cc49ea4dd4ca","COWGCAC_71e6848e-3f30-4e44-aef6-cc49ea4dd4ca"
"Team","COWG Cadet Programs","COWGCadetPrograms_af0dd622-4055-41d9-ab57-f46dce98aad2","COWGCadetPrograms","COWGCadetPrograms@cowg.cap.gov","SPO:SPO_564df19c-5429-8eac-e092-8ce8517ab89d@SPO_71f5b48f-029d-4189-8fe0-052e14cec0ad;SPO:SPO_0d6ea589-4ccf-621c-7d68-25539f22dc9a@SPO_71f5b48f-029d-4189-8fe0-052e14cec0ad;SPO:SPO_73f88919-16e7-419b-8f9a-ee01f929abb1@SPO_71f5b48f-029d-4189-8fe0-052e14cec0ad;smtp:COWGCadetPrograms@COCivilAirPatrol.onmicrosoft.com;SMTP:COWGCadetPrograms@cowg.cap.gov","GroupMailbox","Private","True","True","True","kyle.stielow;Isaac.Stone;MFay;Mike.Schulte","10/20/2020 11:51:03 AM","af0dd622-4055-41d9-ab57-f46dce98aad2","COWGCadetPrograms_af0dd622-4055-41d9-ab57-f46dce98aad2"
"Team","COWG Communications","COWGCommunications_2054de36-1097-4014-b226-753b8d582c57","COWGCommunications","COWGCommunications@COCivilAirPatrol.onmicrosoft.com","smtp:COWGCommunications@cowg.cap.gov;SPO:SPO_6f192046-0c7e-45dd-a100-ee8ef75948b2@SPO_71f5b48f-029d-4189-8fe0-052e14cec0ad;SMTP:COWGCommunications@COCivilAirPatrol.onmicrosoft.com","GroupMailbox","Private","True","False","True","Mark.Sheets;CSellers","11/12/2018 4:12:32 PM","2054de36-1097-4014-b226-753b8d582c57","COWGCommunications_2054de36-1097-4014-b226-753b8d582c57"
"Team","COWG Conf","COWG_CONF_4153bc2d-bb2d-4c37-a867-33288b547592","COWG_CONF","COWG_CONF@cowg.cap.gov","SPO:SPO_9b1c8ee1-094c-6715-0b86-ff1f6d1ca649@SPO_71f5b48f-029d-4189-8fe0-052e14cec0ad;SPO:SPO_b10a2e2f-a3e2-431b-864a-96bc5ce5bb80@SPO_71f5b48f-029d-4189-8fe0-052e14cec0ad;smtp:COWG_CONF@COCivilAirPatrol.onmicrosoft.com;SMTP:COWG_CONF@cowg.cap.gov","GroupMailbox","Private","True","True","True","kyle.stielow;Saxon.Sepulveda","3/29/2020 9:09:29 PM","4153bc2d-bb2d-4c37-a867-33288b547592","COWG_CONF_4153bc2d-bb2d-4c37-a867-33288b547592"
"Team","COWG Emergency Services","COWGEmergencyServices_66282650-e7ad-4f10-b2ca-208bfdbafb4d","COWGEmergencyServices","COWGEmergencyServices@cowg.cap.gov","SPO:SPO_4b3aeea0-3241-c94e-0813-a0a8c71ad327@SPO_71f5b48f-029d-4189-8fe0-052e14cec0ad;SPO:SPO_d0dce632-56d7-1774-7156-c868346d5d8e@SPO_71f5b48f-029d-4189-8fe0-052e14cec0ad;SMTP:COWGEmergencyServices@cowg.cap.gov;smtp:COWGEmergencyServices@capblacksheep.org;SPO:SPO_e1dd77b0-a44a-49b8-b8e5-7b194025a1d5@SPO_71f5b48f-029d-4189-8fe0-052e14cec0ad;smtp:COWGEmergencyServices@COCivilAirPatrol.onmicrosoft.com","GroupMailbox","Private","True","True","True","robyusko;Sanjay.Tyagi;eyal.sittenfeld","5/26/2020 3:48:16 PM","66282650-e7ad-4f10-b2ca-208bfdbafb4d","COWGEmergencyServices_66282650-e7ad-4f10-b2ca-208bfdbafb4d"
"Team","COWG Emergency Services Training","COWGESTraining_a36ce7dc-cdb2-4ab9-9c1c-083113738c83","COWGESTraining","COWGESTraining@cowg.cap.gov","SPO:SPO_910892d4-1e1b-adf8-2edf-4ddbaf8bc7f2@SPO_71f5b48f-029d-4189-8fe0-052e14cec0ad;SPO:SPO_a77cfe5d-bf43-4d59-a1a8-e6d7fd305478@SPO_71f5b48f-029d-4189-8fe0-052e14cec0ad;smtp:COWGESTraining@COCivilAirPatrol.onmicrosoft.com;SMTP:COWGESTraining@cowg.cap.gov","GroupMailbox","Private","True","True","True","robyusko","3/31/2020 3:54:45 AM","a36ce7dc-cdb2-4ab9-9c1c-083113738c83","COWGESTraining_a36ce7dc-cdb2-4ab9-9c1c-083113738c83"
"Team","COWG Operations","COWGOperations_abb0346e-2b01-486a-8396-a08ac664723d","COWGOperations","COWGOperations@cowg.cap.gov","SPO:SPO_6069a763-6640-87c1-98be-3844c556bdb3@SPO_71f5b48f-029d-4189-8fe0-052e14cec0ad;SPO:SPO_07b46460-8627-40cb-8436-c84a6e4e43ec@SPO_71f5b48f-029d-4189-8fe0-052e14cec0ad;smtp:COWGOperations@COCivilAirPatrol.onmicrosoft.com;SMTP:COWGOperations@cowg.cap.gov","GroupMailbox","Public","True","False","True","robyusko;Sanjay.Tyagi;Mike.Schulte","5/31/2023 10:11:42 PM","abb0346e-2b01-486a-8396-a08ac664723d","COWGOperations_abb0346e-2b01-486a-8396-a08ac664723d"
"Team","COWG Summer Encampment","Encampment-2022_d70ae430-d0b4-4613-87a0-d69fb8d1331b","Encampment-2022","summer.encampment@cowg.cap.gov","SPO:SPO_b88b50db-b10a-2888-d70b-c8760d446700@SPO_71f5b48f-029d-4189-8fe0-052e14cec0ad;SPO:SPO_18e0805f-368a-9fd1-4914-7760fc61155e@SPO_71f5b48f-029d-4189-8fe0-052e14cec0ad;SMTP:summer.encampment@cowg.cap.gov;smtp:Encampment-2022@cowg.cap.gov;SPO:SPO_c1b6939a-afc6-43d5-9aaf-c415c8874717@SPO_71f5b48f-029d-4189-8fe0-052e14cec0ad;smtp:Encampment-2022@COCivilAirPatrol.onmicrosoft.com","GroupMailbox","Private","True","False","False","MFay;74e08497-9115-4d50-909e-763a8d575772;eec632e0-3f5c-4bcd-8c73-b8af0dde36b8;kyle.stielow;Kirsten.Turner;Mike.Schulte","2/2/2022 2:46:32 AM","d70ae430-d0b4-4613-87a0-d69fb8d1331b","Encampment-2022_d70ae430-d0b4-4613-87a0-d69fb8d1331b"
"Team","COWG Winter Encampment","COWGWinterEncampment_7d9cb933-d135-43b0-a2a3-d61a3279976f","COWGWinterEncampment","COWGWinterEncampment@cowg.cap.gov","SPO:SPO_62477111-013a-042d-2976-3868db7d865b@SPO_71f5b48f-029d-4189-8fe0-052e14cec0ad;SPO:SPO_7a293d8b-1288-0173-81c8-a742ebc7d655@SPO_71f5b48f-029d-4189-8fe0-052e14cec0ad;SPO:SPO_dee7ace2-30ae-4d56-8ce3-269fd532d235@SPO_71f5b48f-029d-4189-8fe0-052e14cec0ad;smtp:COWGWinterEncampment@COCivilAirPatrol.onmicrosoft.com;SMTP:COWGWinterEncampment@cowg.cap.gov","GroupMailbox","Private","True","False","True","74e08497-9115-4d50-909e-763a8d575772;3b39afc4-b30c-46bd-a052-ad7cb8904eca;54cf2b5d-971c-4acb-90c7-ce6e990d604d;dfceca20-698f-4472-a611-b4b0bdd2fe11;229ca750-34be-45bf-9169-d4ff3ccfb9cc;6b3591f3-730e-4329-8a38-d1fc60e5b6ac;kyle.stielow;Alex.Nuckols","6/16/2026 2:29:57 AM","7d9cb933-d135-43b0-a2a3-d61a3279976f","COWGWinterEncampment_7d9cb933-d135-43b0-a2a3-d61a3279976f"
"Team","COWG_IT","cowg_it_e5654157-debd-4fb6-b0f7-112f2d760477","cowg_it","cowg_it@cowg.cap.gov","SPO:SPO_a2daac0e-e954-e26a-f57e-97065d387dee@SPO_71f5b48f-029d-4189-8fe0-052e14cec0ad;SPO:SPO_702d89c0-4899-41b2-9305-aa03ffb6c0df@SPO_71f5b48f-029d-4189-8fe0-052e14cec0ad;SMTP:cowg_it@cowg.cap.gov;SPO:SPO_2761e1a7-c622-4673-9c9e-47349fef316e@SPO_71f5b48f-029d-4189-8fe0-052e14cec0ad;smtp:cowg_it@COCivilAirPatrol.onmicrosoft.com","GroupMailbox","Public","True","False","False","robyusko;Mike.Schulte","1/13/2022 10:02:31 PM","e5654157-debd-4fb6-b0f7-112f2d760477","cowg_it_e5654157-debd-4fb6-b0f7-112f2d760477"
"Team","COWG_sUAS","COWG_sUAS_95965a5f-e839-472b-a75a-983f476d7e79","COWG_sUAS","COWG_sUAS@cowg.cap.gov","SPO:SPO_14085db9-d7d2-7f89-d83b-a322f2d76935@SPO_71f5b48f-029d-4189-8fe0-052e14cec0ad;SMTP:COWG_sUAS@cowg.cap.gov;SPO:SPO_8a7c1d1d-b920-4307-bcf2-6e7c0973776c@SPO_71f5b48f-029d-4189-8fe0-052e14cec0ad;smtp:COWG_sUAS@COCivilAirPatrol.onmicrosoft.com","GroupMailbox","Public","True","False","True","eyal.sittenfeld","8/17/2019 9:17:33 PM","95965a5f-e839-472b-a75a-983f476d7e79","COWG_sUAS_95965a5f-e839-472b-a75a-983f476d7e79"
"Team","COWG-Professional Development","COWG-ProfessionalDevelopmen_e73acdc8-660a-46d9-890f-0257725dc980","COWG-ProfessionalDevelopment","COWG-ProfessionalDevelopment@cowg.cap.gov","SPO:SPO_de0c44a5-0efb-4707-a3dc-a09d6c8f1972@SPO_71f5b48f-029d-4189-8fe0-052e14cec0ad;smtp:COWG-ProfessionalDevelopment@COCivilAirPatrol.onmicrosoft.com;SMTP:COWG-ProfessionalDevelopment@cowg.cap.gov","GroupMailbox","Private","True","True","True","R.Sabatini;Trevor.Munson;robyusko","3/25/2020 8:34:49 PM","e73acdc8-660a-46d9-890f-0257725dc980","COWG-ProfessionalDevelopmen_e73acdc8-660a-46d9-890f-0257725dc980"
"Team","IG","IG_3e4b2371-b6f5-4a42-9f25-bb3aea496b04","IG","IG@cowg.cap.gov","SPO:SPO_fa823db0-c3b3-4968-98b1-f49406b7d324@SPO_71f5b48f-029d-4189-8fe0-052e14cec0ad;smtp:IG@COCivilAirPatrol.onmicrosoft.com;SMTP:IG@cowg.cap.gov","GroupMailbox","Private","True","False","True","","10/5/2025 2:28:52 PM","3e4b2371-b6f5-4a42-9f25-bb3aea496b04","IG_3e4b2371-b6f5-4a42-9f25-bb3aea496b04"
"Team","Logistics","Logistics_b382ae4e-132e-4305-8bae-7d7067ed78c2","Logistics","Logistics7430@cowg.cap.gov","SPO:SPO_2550e218-4c63-4b49-a28a-9038ff247da6@SPO_71f5b48f-029d-4189-8fe0-052e14cec0ad;smtp:Logistics7430@COCivilAirPatrol.onmicrosoft.com;SMTP:Logistics7430@cowg.cap.gov","GroupMailbox","Private","True","False","True","Mike.Schulte;Andrew.Rajca;Matthew.Flanders;Sanjay.Tyagi","1/16/2026 3:22:58 AM","b382ae4e-132e-4305-8bae-7d7067ed78c2","Logistics_b382ae4e-132e-4305-8bae-7d7067ed78c2"
"Team","Virt-ICP_COWG","Virt-ICP_COWG_da99e0a6-8002-475a-bbba-2dd0e5400907","Virt-ICP_COWG","Virt-ICP_COWG@cowg.cap.gov","SPO:SPO_bef706bd-2b2e-42b9-ad97-e871d316250d@SPO_71f5b48f-029d-4189-8fe0-052e14cec0ad;smtp:Virt-ICP_COWG@COCivilAirPatrol.onmicrosoft.com;SMTP:Virt-ICP_COWG@cowg.cap.gov","GroupMailbox","Private","True","False","True","Henry.Eng;robyusko","1/24/2021 2:14:21 AM","da99e0a6-8002-475a-bbba-2dd0e5400907","Virt-ICP_COWG_da99e0a6-8002-475a-bbba-2dd0e5400907"
"Team","Virt-ICP_COWG_Comm","Virt-ICP_COWG_Comm_d1cd175f-a5ce-4950-a2de-8bb5a0b2bf4e","Virt-ICP_COWG_Comm","Virt-ICP_COWG_Comm@cowg.cap.gov","SPO:SPO_a58eb220-d073-414a-9a9b-af8c8bb37146@SPO_71f5b48f-029d-4189-8fe0-052e14cec0ad;smtp:Virt-ICP_COWG_Comm@COCivilAirPatrol.onmicrosoft.com;SMTP:Virt-ICP_COWG_Comm@cowg.cap.gov","GroupMailbox","Private","True","True","True","robyusko;Mark.Sheets","12/3/2020 2:10:46 AM","d1cd175f-a5ce-4950-a2de-8bb5a0b2bf4e","Virt-ICP_COWG_Comm_d1cd175f-a5ce-4950-a2de-8bb5a0b2bf4e"
